"queen's_pawn_game:_zukertort_variation\n"	["zukertort_opening:_sicilian_invitation\n",0.9997339513051329,106]
"queen's_pawn_game:_zukertort_variation\n"	["indian_game:_wade-tartakower_defense\n",0.9997400021368461,105]
"queen's_pawn_game:_zukertort_variation\n"	["queen's_pawn_game:_levitsky_attack\n",0.9997706078951999,112]
"queen's_pawn_game:_zukertort_variation\n"	["zukertort_opening:_basman_defense\n",0.999851892611576,136]
"queen's_pawn_game:_zukertort_variation\n"	["indian_game:_london_system\n",0.9998804124574958,123]
"queen's_pawn_game\n"	["indian_game:_tartakower_attack\n",0.9978523518703869,116]
"queen's_pawn_game\n"	["dutch_defense\n",0.9991518909719542,162]
"queen's_pawn_game\n"	["queen's_pawn_game\n",0.9994164933131902,1972]
"queen's_pawn_game\n"	["old_benoni_defense\n",0.9994341673018516,448]
"queen's_pawn_game\n"	["englund_gambit\n",0.9995456558842413,182]
"queen's_pawn_game\n"	["queen's_pawn\n",0.9995881125990836,547]
"queen's_pawn_game\n"	["horwitz_defense\n",0.9995940917436265,805]
"queen's_pawn_game\n"	["modern_defense\n",0.9995954519377827,424]
"queen's_pawn_game\n"	["indian_game\n",0.9996123954690338,737]
"queen's_pawn_game\n"	["queen's_pawn_game_#2\n",0.9996196162112541,105]
"queen's_pawn_game\n"	["english_defense_#2\n",0.9996613253189816,132]
"queen's_pawn_game\n"	["mieses_opening\n",0.9997420419334732,218]
"queen's_pawn_game_#2\n"	["modern_defense\n",0.999129495655319,273]
"queen's_pawn_game_#2\n"	["mieses_opening\n",0.9992398816926861,217]
"queen's_pawn_game_#2\n"	["queen's_pawn\n",0.9992651933752132,540]
"queen's_pawn_game_#2\n"	["horwitz_defense\n",0.9992799275018288,775]
"queen's_pawn_game_#2\n"	["indian_game\n",0.9993105658581553,675]
"queen's_pawn_game_#2\n"	["englund_gambit_declined__reversed_french\n",0.9994016308088387,210]
"queen's_pawn_game_#2\n"	["queen's_pawn_game:_stonewall_attack\n",0.9994404540669821,176]
"queen's_pawn_game_#2\n"	["queen's_pawn_game_#3\n",0.9994934911728189,379]
"queen's_pawn_game_#2\n"	["english_defense_#2\n",0.999555306192178,186]
"queen's_pawn_game_#2\n"	["queen's_pawn_game_#2\n",0.999600884679071,1670]
"queen's_pawn_game_#2\n"	["old_benoni_defense\n",0.9996042776680694,366]
"queen's_pawn_game_#2\n"	["dutch_defense\n",0.9996125511463415,103]
"queen's_pawn_game_#2\n"	["queen's_pawn_game\n",0.9996196162112541,105]
"queen's_pawn_game_#2\n"	["van't_kruijs_opening\n",0.999764095835261,197]
"queen's_pawn_game_#3\n"	["queen's_pawn\n",0.9984408352368456,106]
"queen's_pawn_game_#3\n"	["indian_game\n",0.998658436743448,202]
"queen's_pawn_game_#3\n"	["horwitz_defense\n",0.9988158711531628,177]
"queen's_pawn_game_#3\n"	["queen's_pawn_game_#3\n",0.9991058144220516,172]
"queen's_pawn_game_#3\n"	["queen's_pawn_game_#2\n",0.9994934911728189,379]
"rat_defense:_harmonist\n"	["sicilian_defense:_mcdonnell_attack\n",0.9994681301527758,142]
"rat_defense:_harmonist\n"	["french_defense:_la_bourdonnais_variation\n",0.9995026344832547,116]
"rat_defense:_harmonist\n"	["rat_defense:_harmonist\n",0.9997371422230905,212]
"reti_opening\n"	["reti_opening\n",0.9993849158912125,492]
"reti_opening\n"	["zukertort_opening:_queen's_gambit_invitation\n",0.9994067401619451,421]
"reti_opening\n"	["reti_opening_#2\n",0.9994101058940636,278]
"reti_opening\n"	["zukertort_opening:_pirc_invitation\n",0.9994187581749147,173]
"reti_opening\n"	["zukertort_opening:_sicilian_invitation\n",0.9994500218106457,427]
"reti_opening\n"	["zukertort_opening:_black_mustang_defense\n",0.999506813100312,155]
"reti_opening\n"	["zukertort_opening:_slav_invitation\n",0.9995475635817895,169]
"reti_opening\n"	["zukertort_opening:_ross_gambit\n",0.9996290369313535,184]
"reti_opening\n"	["zukertort_opening:_queenside_fianchetto_variation\n",0.9996871660010773,111]
"reti_opening_#2\n"	["zukertort_opening:_old_indian_attack\n",0.9971894561233774,237]
"reti_opening_#2\n"	["zukertort_opening:_black_mustang_defense\n",0.9981994050239293,202]
"reti_opening_#2\n"	["zukertort_opening:_pirc_invitation\n",0.9992331020046943,245]
"reti_opening_#2\n"	["zukertort_opening:_ross_gambit\n",0.9993103830779516,134]
"reti_opening_#2\n"	["zukertort_opening:_queen's_gambit_invitation\n",0.9993810094133195,463]
"reti_opening_#2\n"	["reti_opening_#2\n",0.9994086160516529,484]
"reti_opening_#2\n"	["reti_opening\n",0.9994101058940636,278]
"reti_opening_#2\n"	["zukertort_opening:_sicilian_invitation\n",0.9994708057744152,424]
"reti_opening_#2\n"	["zukertort_opening:_slav_invitation\n",0.9996051780553097,182]
"reti_opening_#2\n"	["zukertort_opening:_kingside_fianchetto\n",0.9997223777539357,134]
"reti_opening_#2\n"	["king's_indian_attack\n",0.9997433449661375,159]
"robatsch_(modern)_defense\n"	["french_defense:_exchange_variation\n",0.9994142208030364,111]
"robatsch_(modern)_defense\n"	["scandinavian_defense:_mieses-kotroc_variation\n",0.9997134534346737,124]
"robatsch_(modern)_defense\n"	["robatsch_(modern)_defense\n",0.9997745537669732,134]
"russian_game:_urusov_gambit\n"	["sicilian_defense:_bowdler_attack\n",0.9998220645371056,106]
"ruy_lopez:_steinitz_defense\n"	["french_defense:_knight_variation\n",0.9996715585324264,116]
"ruy_lopez:_steinitz_defense\n"	["ruy_lopez:_steinitz_defense\n",0.9997569114478065,124]
"saragossa_opening\n"	["king's_pawn_game:_macleod_attack\n",0.9996000804630761,102]
"saragossa_opening\n"	["saragossa_opening\n",0.9996313869290707,7598]
"saragossa_opening\n"	["van't_kruijs_opening\n",0.9996367128291406,131]
"saragossa_opening\n"	["mieses_opening\n",0.9998215479960241,113]
"scandinavian_defense:_main_line\n"	["french_defense:_knight_variation\n",0.9987167650572852,134]
"scandinavian_defense:_main_line\n"	["caro-kann_defense\n",0.9988677140898602,131]
"scandinavian_defense:_main_line\n"	["owen_defense\n",0.9995310472198089,127]
"scandinavian_defense:_main_line\n"	["scandinavian_defense:_mieses-kotroc_variation\n",0.9995804265164275,130]
"scandinavian_defense:_main_line\n"	["scandinavian_defense:_main_line\n",0.9998999066295199,176]
"scandinavian_defense:_mieses-kotroc_variation\n"	["scotch_game\n",0.9989654693969334,189]
"scandinavian_defense:_mieses-kotroc_variation\n"	["philidor_defense_#3\n",0.9991974161789579,173]
"scandinavian_defense:_mieses-kotroc_variation\n"	["sicilian_defense:_mcdonnell_attack\n",0.999222104854117,175]
"scandinavian_defense:_mieses-kotroc_variation\n"	["philidor_defense\n",0.9992644171457662,101]
"scandinavian_defense:_mieses-kotroc_variation\n"	["philidor_defense_#2\n",0.9993092155270613,105]
"scandinavian_defense:_mieses-kotroc_variation\n"	["french_defense:_la_bourdonnais_variation\n",0.9993578386106972,102]
"scandinavian_defense:_mieses-kotroc_variation\n"	["sicilian_defense:_french_variation\n",0.9993674235362151,139]
"scandinavian_defense:_mieses-kotroc_variation\n"	["caro-kann_defense\n",0.9994129699159425,383]
"scandinavian_defense:_mieses-kotroc_variation\n"	["sicilian_defense:_bowdler_attack\n",0.9994139993286976,303]
"scandinavian_defense:_mieses-kotroc_variation\n"	["french_defense:_king's_indian_attack\n",0.9994231403137528,110]
"scandinavian_defense:_mieses-kotroc_variation\n"	["van't_kruijs_opening\n",0.9994266043906288,155]
"scandinavian_defense:_mieses-kotroc_variation\n"	["sicilian_defense\n",0.9994476323990544,270]
"scandinavian_defense:_mieses-kotroc_variation\n"	["french_defense:_normal_variation\n",0.9994608528222466,183]
"scandinavian_defense:_mieses-kotroc_variation\n"	["owen_defense\n",0.9994778302234182,414]
"scandinavian_defense:_mieses-kotroc_variation\n"	["sicilian_defense:_old_sicilian\n",0.999482150882905,226]
"scandinavian_defense:_mieses-kotroc_variation\n"	["modern_defense\n",0.9995295754897214,294]
"scandinavian_defense:_mieses-kotroc_variation\n"	["french_defense:_exchange_variation\n",0.9995446451680616,197]
"scandinavian_defense:_mieses-kotroc_variation\n"	["scandinavian_defense:_main_line\n",0.9995804265164275,130]
"scandinavian_defense:_mieses-kotroc_variation\n"	["sicilian_defense:_smith-morra_gambit_#2\n",0.9995981179808928,119]
"scandinavian_defense:_mieses-kotroc_variation\n"	["french_defense_#2\n",0.9996318862955638,180]
"scandinavian_defense:_mieses-kotroc_variation\n"	["scandinavian_defense:_mieses-kotroc_variation\n",0.999644560533534,1066]
"scandinavian_defense:_mieses-kotroc_variation\n"	["pirc_defense_#5\n",0.9996538757043911,101]
"scandinavian_defense:_mieses-kotroc_variation\n"	["sicilian_defense:_alapin_variation\n",0.9996682646094746,133]
"scandinavian_defense:_mieses-kotroc_variation\n"	["bishop's_opening\n",0.9996749561209127,178]
"scandinavian_defense:_mieses-kotroc_variation\n"	["scandinavian_defense:_modern_variation_#2\n",0.9996881796829316,208]
"scandinavian_defense:_mieses-kotroc_variation\n"	["french_defense:_knight_variation\n",0.9997034989967153,441]
"scandinavian_defense:_mieses-kotroc_variation\n"	["robatsch_(modern)_defense\n",0.9997134534346737,124]
"scandinavian_defense:_mieses-kotroc_variation\n"	["pirc_defense_#4\n",0.9997208269568101,250]
"scandinavian_defense:_mieses-kotroc_variation\n"	["scandinavian_defense\n",0.9997231181454673,177]
"scandinavian_defense:_modern_variation_#2\n"	["sicilian_defense\n",0.9994797539381326,112]
"scandinavian_defense:_modern_variation_#2\n"	["caro-kann_defense\n",0.9995134964651906,119]
"scandinavian_defense:_modern_variation_#2\n"	["french_defense:_knight_variation\n",0.9995492590498053,150]
"scandinavian_defense:_modern_variation_#2\n"	["owen_defense\n",0.9996121679891347,128]
"scandinavian_defense:_modern_variation_#2\n"	["scandinavian_defense:_mieses-kotroc_variation\n",0.9996881796829316,208]
"scandinavian_defense:_modern_variation_#2\n"	["french_defense:_king's_indian_attack\n",0.9996911796671989,104]
"scandinavian_defense:_modern_variation_#2\n"	["scandinavian_defense:_modern_variation_#2\n",0.9998487468612332,188]
"scandinavian_defense\n"	["french_defense:_queen's_knight\n",0.9992617303949292,241]
"scandinavian_defense\n"	["french_defense:_king's_indian_attack\n",0.9994162437840951,133]
"scandinavian_defense\n"	["sicilian_defense\n",0.9994388390265251,499]
"scandinavian_defense\n"	["french_defense:_knight_variation\n",0.9994564086064974,132]
"scandinavian_defense\n"	["pirc_defense_#4\n",0.9995016992457834,306]
"scandinavian_defense\n"	["king's_pawn_game:_leonardis_variation\n",0.9995411361525794,162]
"scandinavian_defense\n"	["sicilian_defense:_mcdonnell_attack\n",0.9995788919384705,129]
"scandinavian_defense\n"	["modern_defense\n",0.9995909529629525,328]
"scandinavian_defense\n"	["french_defense_#2\n",0.9996045598587239,151]
"scandinavian_defense\n"	["sicilian_defense:_closed_variation__traditional\n",0.9996388053396842,274]
"scandinavian_defense\n"	["owen_defense\n",0.9996439246965337,331]
"scandinavian_defense\n"	["sicilian_defense:_old_sicilian\n",0.9996552667231711,102]
"scandinavian_defense\n"	["caro-kann_defense\n",0.9996573130347846,379]
"scandinavian_defense\n"	["sicilian_defense:_closed\n",0.9996838774505212,170]
"scandinavian_defense\n"	["sicilian_defense:_bowdler_attack\n",0.9997005887404864,150]
"scandinavian_defense\n"	["scandinavian_defense\n",0.9997101743818694,842]
"scandinavian_defense\n"	["sicilian_defense:_closed_variation\n",0.999716218716512,217]
"scandinavian_defense\n"	["scandinavian_defense:_mieses-kotroc_variation\n",0.9997231181454673,177]
"scandinavian_defense\n"	["vienna_game\n",0.9997372601389843,137]
"scandinavian_defense\n"	["caro-kann_defense:_two_knights_attack\n",0.999752621824742,115]
"scandinavian_defense\n"	["french_defense:_two_knights_variation\n",0.9997631989125803,146]
"scandinavian_defense\n"	["alekhine_defense:_scandinavian_variation\n",0.9997870886735288,109]
"scandinavian_defense\n"	["van't_kruijs_opening\n",0.9998468319983074,159]
"scotch_game:_classical_variation\n"	["scotch_game\n",0.9986789040462049,118]
"scotch_game:_classical_variation__intermezzo_variation\n"	["scotch_game:_classical_variation__intermezzo_variation\n",0.9998988836145509,124]
"scotch_game\n"	["scotch_game:_classical_variation\n",0.9986789040462049,118]
"scotch_game\n"	["scandinavian_defense:_mieses-kotroc_variation\n",0.9989654693969334,189]
"scotch_game\n"	["philidor_defense\n",0.9993932748846667,150]
"scotch_game\n"	["french_defense:_knight_variation\n",0.9994501080099333,213]
"scotch_game\n"	["scotch_game\n",0.9995632969068865,626]
"scotch_game\n"	["caro-kann_defense\n",0.9996185247880591,127]
"semi-slav_defense:_accelerated_move_order\n"	["semi-slav_defense:_accelerated_move_order\n",0.9995998043353231,176]
"semi-slav_defense:_accelerated_move_order\n"	["slav_defense_#2\n",0.9997543592006413,108]
"kadas_opening\n"	["kadas_opening\n",0.9971310087894218,120]
"king's_gambit\n"	["sicilian_defense:_mcdonnell_attack\n",0.9995706614139684,109]
"king's_gambit\n"	["king's_gambit\n",0.9999154586242397,126]
"king's_gambit_declined__queen's_knight_defense\n"	["sicilian_defense:_mcdonnell_attack\n",0.9995797463283592,117]
"king's_indian_attack:_symmetrical_defense\n"	["king's_indian_attack\n",0.9996091307048557,136]
"king's_indian_attack\n"	["zukertort_opening:_queen's_gambit_invitation\n",0.9995679746998332,208]
"king's_indian_attack\n"	["zukertort_opening:_slav_invitation\n",0.9995701100600433,139]
"king's_indian_attack\n"	["king's_indian_attack:_symmetrical_defense\n",0.9996091307048557,136]
"king's_indian_attack\n"	["king's_indian_attack\n",0.9996282443591072,464]
"king's_indian_attack\n"	["nimzo-larsen_attack\n",0.9996561846834456,117]
"king's_indian_attack\n"	["zukertort_opening:_sicilian_invitation\n",0.999710468134831,205]
"king's_indian_attack\n"	["zukertort_opening:_kingside_fianchetto\n",0.9997159895141468,199]
"king's_indian_attack\n"	["reti_opening_#2\n",0.9997433449661375,159]
"king's_indian_attack\n"	["hungarian_opening:_reversed_alekhine\n",0.9997575007371325,103]
"king's_indian_attack\n"	["zukertort_opening:_pirc_invitation\n",0.9997727418988454,193]
"king's_indian_defense:_four_pawns_attack\n"	["king's_indian_defense:_four_pawns_attack\n",0.9994751690923245,104]
"king's_pawn_game:_leonardis_variation\n"	["mieses_opening\n",0.999004539425984,236]
"king's_pawn_game:_leonardis_variation\n"	["sicilian_defense\n",0.9991682110802751,579]
"king's_pawn_game:_leonardis_variation\n"	["caro-kann_defense:_breyer_variation\n",0.9993324549014183,115]
"king's_pawn_game:_leonardis_variation\n"	["king's_pawn_game:_leonardis_variation\n",0.9995126714977808,1022]
"king's_pawn_game:_leonardis_variation\n"	["scandinavian_defense\n",0.9995411361525794,162]
"king's_pawn_game:_leonardis_variation\n"	["french_defense:_king's_indian_attack\n",0.9995634884900311,422]
"king's_pawn_game:_leonardis_variation\n"	["modern_defense\n",0.9995842279517905,174]
"king's_pawn_game:_leonardis_variation\n"	["owen_defense\n",0.9996486068244569,128]
"king's_pawn_game:_leonardis_variation\n"	["pirc_defense_#4\n",0.9996896650190547,130]
"king's_pawn_game:_macleod_attack\n"	["saragossa_opening\n",0.9996000804630761,102]
"king's_pawn_game:_macleod_attack\n"	["sicilian_defense:_alapin_variation\n",0.9997987179176557,207]
"king's_pawn_game:_macleod_attack\n"	["king's_pawn_game:_macleod_attack\n",0.9998488445628285,274]
"king's_pawn_game:_napoleon_attack\n"	["king's_pawn_game:_napoleon_attack\n",0.9997243906778764,332]
"king's_pawn_game:_napoleon_attack\n"	["sicilian_defense\n",0.9998380816968733,126]
"king's_pawn_game:_wayward_queen_attack\n"	["king's_pawn_game:_wayward_queen_attack\n",0.9998187467925176,428]
"king's_pawn_game:_wayward_queen_attack\n"	["sicilian_defense\n",0.9998260244261035,191]
"king's_pawn_game\n"	["king's_pawn_game\n",0.9998746489967201,126]
"london_system\n"	["queen's_pawn_game:_london_system\n",0.9994997266128133,105]
"london_system\n"	["queen's_pawn_game:_zukertort_variation\n",0.9996066133576189,114]
"mieses_opening:_reversed_rat\n"	["van't_kruijs_opening\n",0.999166441345805,147]
"mieses_opening:_reversed_rat\n"	["mieses_opening\n",0.9992801912731566,836]
"mieses_opening:_reversed_rat\n"	["mieses_opening:_reversed_rat\n",0.9992941288999543,112]
"mieses_opening\n"	["benoni_defense:_benoni_gambit_accepted\n",0.9986130113992817,111]
"mieses_opening\n"	["queen's_pawn\n",0.9989912906221243,346]
"mieses_opening\n"	["king's_pawn_game:_leonardis_variation\n",0.999004539425984,236]
"mieses_opening\n"	["modern_defense\n",0.9990214115896302,216]
"mieses_opening\n"	["queen's_pawn_game_#2\n",0.9992398816926861,217]
"mieses_opening\n"	["mieses_opening:_reversed_rat\n",0.9992801912731566,836]
"mieses_opening\n"	["horwitz_defense\n",0.9992961298723174,497]
"mieses_opening\n"	["hungarian_opening:_sicilian_invitation\n",0.999314107870056,115]
"mieses_opening\n"	["van't_kruijs_opening\n",0.9994268561056862,553]
"mieses_opening\n"	["queen's_pawn_game:_chigorin_variation\n",0.9994589998814901,271]
"mieses_opening\n"	["hungarian_opening\n",0.9995877775727037,162]
"mieses_opening\n"	["alekhine_defense:_maroczy_variation\n",0.999617475656978,128]
"mieses_opening\n"	["mieses_opening\n",0.9996221363974555,7848]
"mieses_opening\n"	["old_benoni_defense\n",0.9996229194847993,231]
"mieses_opening\n"	["queen's_pawn_game:_zukertort_variation\n",0.9996344175043059,145]
"mieses_opening\n"	["zukertort_opening:_old_indian_attack\n",0.9996374248158302,182]
"mieses_opening\n"	["indian_game\n",0.9996557196931634,306]
"mieses_opening\n"	["english_defense_#2\n",0.9997056814409254,115]
"mieses_opening\n"	["queen's_pawn_game:_levitsky_attack\n",0.9997116521776088,129]
"mieses_opening\n"	["queen's_pawn_game\n",0.9997420419334732,218]
"mieses_opening\n"	["saragossa_opening\n",0.9998215479960241,113]
"mieses_opening\n"	["valencia_opening\n",0.9999636771619128,120]
"modern_defense\n"	["mieses_opening\n",0.9990214115896302,216]
"modern_defense\n"	["bishop's_opening\n",0.9990485635942133,119]
"modern_defense\n"	["queen's_pawn_game_#2\n",0.999129495655319,273]
"modern_defense\n"	["french_defense:_two_knights_variation\n",0.9992147649485589,112]
"modern_defense\n"	["french_defense:_queen's_knight\n",0.999262664829866,112]
"modern_defense\n"	["queen's_pawn_game:_zukertort_variation\n",0.9993141647975233,396]
"modern_defense\n"	["sicilian_defense:_closed_variation__traditional\n",0.9993142189450961,147]
"modern_defense\n"	["slav_defense_#2\n",0.9993195548180088,114]
"modern_defense\n"	["dutch_defense\n",0.9994043634918404,108]
"modern_defense\n"	["queen's_gambit_refused:_marshall_defense\n",0.9994071565628433,129]
"modern_defense\n"	["owen_defense\n",0.9994336662699953,300]
"modern_defense\n"	["sicilian_defense:_old_sicilian\n",0.9994449015880077,187]
"modern_defense\n"	["torre_attack\n",0.9994516135219231,135]
"modern_defense\n"	["english_defense_#2\n",0.999478854935054,205]
"modern_defense\n"	["zukertort_opening:_tennison_gambit\n",0.9994805353845855,188]
"modern_defense\n"	["queen's_pawn\n",0.9994839617470136,660]
"english_opening:_symmetrical_variation__normal_variation\n"	["english_opening:_king's_english_variation__reversed_sicilian\n",0.9994448146711454,139]
"english_opening:_symmetrical_variation__normal_variation\n"	["english_opening:_anglo-indian_defense__queen's_knight_variation\n",0.9995006432094709,105]
"english_opening:_symmetrical_variation__normal_variation\n"	["english_opening\n",0.9995300351532174,159]
"english_opening:_the_whale\n"	["french_defense:_steiner_variation\n",0.9965702553487248,101]
"english_opening:_the_whale\n"	["english_opening:_the_whale\n",0.9980811940923467,170]
"english_opening\n"	["english_opening:_anglo-scandinavian_defense\n",0.999092707248055,172]
"english_opening\n"	["english_opening:_great_snake_variation\n",0.9995037985947207,136]
"english_opening\n"	["english_opening:_agincourt_defense\n",0.9995194199613947,127]
"english_opening\n"	["english_opening:_symmetrical_variation__normal_variation\n",0.9995300351532174,159]
"english_opening\n"	["english_opening:_anglo-indian_defense__queen's_knight_variation\n",0.9995371744754303,120]
"english_opening\n"	["english_opening\n",0.9996896416582792,332]
"english_opening\n"	["english_opening:_king's_english_variation__reversed_sicilian\n",0.9996901734471076,143]
"englund_gambit\n"	["queen's_pawn\n",0.9994272438268762,200]
"englund_gambit\n"	["horwitz_defense\n",0.9994575040918309,287]
"englund_gambit\n"	["queen's_pawn_game\n",0.9995456558842413,182]
"englund_gambit\n"	["indian_game\n",0.9995456626733304,139]
"englund_gambit\n"	["modern_defense\n",0.9995984531618942,187]
"englund_gambit\n"	["old_benoni_defense\n",0.9996095489615007,258]
"englund_gambit\n"	["queen's_pawn_game:_levitsky_attack\n",0.9996882931181011,136]
"englund_gambit\n"	["englund_gambit\n",0.9997170064220803,144]
"englund_gambit_complex:_soller_gambit\n"	["englund_gambit_complex:_soller_gambit\n",0.9999170811326615,138]
"englund_gambit_declined__reversed_french\n"	["queen's_pawn\n",0.9992589234440112,106]
"englund_gambit_declined__reversed_french\n"	["van't_kruijs_opening\n",0.9993640484736555,249]
"englund_gambit_declined__reversed_french\n"	["queen's_pawn_game_#2\n",0.9994016308088387,210]
"englund_gambit_declined__reversed_french\n"	["englund_gambit_declined__reversed_french\n",0.9994378424108458,130]
"four_knights_game:_italian_variation\n"	["french_defense:_knight_variation\n",0.9994767105429258,134]
"four_knights_game:_italian_variation\n"	["pirc_defense:_classical_variation\n",0.999564151897972,120]
"four_knights_game:_italian_variation\n"	["four_knights_game:_italian_variation\n",0.9997948561876594,182]
"four_knights_game:_scotch_variation_accepted\n"	["four_knights_game:_scotch_variation_accepted\n",0.9991441207057279,116]
"french_defense:_burn_variation\n"	["queen's_pawn_game:_levitsky_attack\n",0.9995858691767904,126]
"french_defense:_exchange_variation\n"	["caro-kann_defense:_exchange_variation\n",0.9993848960347435,120]
"french_defense:_exchange_variation\n"	["french_defense:_exchange_variation\n",0.9994037631776769,394]
"french_defense:_exchange_variation\n"	["robatsch_(modern)_defense\n",0.9994142208030364,111]
"french_defense:_exchange_variation\n"	["scandinavian_defense:_mieses-kotroc_variation\n",0.9995446451680616,197]
"french_defense:_exchange_variation\n"	["sicilian_defense:_smith-morra_gambit_#2\n",0.999737557306751,120]
"french_defense:_exchange_variation__monte_carlo_variation\n"	["french_defense:_exchange_variation__monte_carlo_variation\n",0.9983528732322114,108]
"french_defense:_king's_indian_attack\n"	["sicilian_defense\n",0.9991731760784788,398]
"french_defense:_king's_indian_attack\n"	["caro-kann_defense:_breyer_variation\n",0.9993613005056475,159]
"french_defense:_king's_indian_attack\n"	["scandinavian_defense\n",0.9994162437840951,133]
"french_defense:_king's_indian_attack\n"	["scandinavian_defense:_mieses-kotroc_variation\n",0.9994231403137528,110]
"french_defense:_king's_indian_attack\n"	["pirc_defense_#4\n",0.9995623159332564,140]
"french_defense:_king's_indian_attack\n"	["king's_pawn_game:_leonardis_variation\n",0.9995634884900311,422]
"french_defense:_king's_indian_attack\n"	["french_defense:_king's_indian_attack\n",0.9995996718041664,566]
"french_defense:_king's_indian_attack\n"	["owen_defense\n",0.9996618651494678,140]
"french_defense:_king's_indian_attack\n"	["scandinavian_defense:_modern_variation_#2\n",0.9996911796671989,104]
"french_defense:_king's_indian_attack\n"	["french_defense:_knight_variation\n",0.9997031960188555,184]
"french_defense:_knight_variation\n"	["scandinavian_defense:_main_line\n",0.9987167650572852,134]
"french_defense:_knight_variation\n"	["philidor_defense\n",0.9989502023221053,112]
"french_defense:_knight_variation\n"	["zukertort_opening:_tennison_gambit\n",0.9992180730115183,266]
"french_defense:_knight_variation\n"	["pirc_defense:_classical_variation\n",0.999228162059019,219]
"french_defense:_knight_variation\n"	["owen_defense\n",0.9993040601454459,341]
"french_defense:_knight_variation\n"	["caro-kann_defense\n",0.9994422858786758,489]
"french_defense:_knight_variation\n"	["scotch_game\n",0.9994501080099333,213]
"french_defense:_knight_variation\n"	["pirc_defense_#4\n",0.9994510714778772,309]
"french_defense:_knight_variation\n"	["scandinavian_defense\n",0.9994564086064974,132]
"french_defense:_knight_variation\n"	["four_knights_game:_italian_variation\n",0.9994767105429258,134]
"french_defense:_knight_variation\n"	["van't_kruijs_opening\n",0.9995399243981161,170]
"french_defense:_knight_variation\n"	["sicilian_defense:_old_sicilian\n",0.9995426033258832,444]
"french_defense:_knight_variation\n"	["scandinavian_defense:_modern_variation_#2\n",0.9995492590498053,150]
"french_defense:_knight_variation\n"	["sicilian_defense\n",0.999549979376093,549]
"french_defense:_knight_variation\n"	["modern_defense\n",0.9996009950341662,321]
"french_defense:_knight_variation\n"	["french_defense:_knight_variation\n",0.9996522851980887,1414]
"french_defense:_knight_variation\n"	["philidor_defense_#3\n",0.9996591045602247,252]
"french_defense:_knight_variation\n"	["sicilian_defense:_french_variation\n",0.9996656619521829,273]
"french_defense:_knight_variation\n"	["ruy_lopez:_steinitz_defense\n",0.9996715585324264,116]
"french_defense:_knight_variation\n"	["french_defense:_king's_indian_attack\n",0.9997031960188555,184]
"french_defense:_knight_variation\n"	["scandinavian_defense:_mieses-kotroc_variation\n",0.9997034989967153,441]
"french_defense:_knight_variation\n"	["sicilian_defense:_bowdler_attack\n",0.9997247043743489,118]
"french_defense:_knight_variation\n"	["philidor_defense_#2\n",0.9997514512356538,161]
"french_defense:_la_bourdonnais_variation\n"	["scandinavian_defense:_mieses-kotroc_variation\n",0.9993578386106972,102]
"french_defense:_la_bourdonnais_variation\n"	["rat_defense:_harmonist\n",0.9995026344832547,116]
"french_defense:_la_bourdonnais_variation\n"	["sicilian_defense:_mcdonnell_attack\n",0.9996070711773,483]
"french_defense:_la_bourdonnais_variation\n"	["owen_defense\n",0.9996101192569521,131]
"french_defense:_la_bourdonnais_variation\n"	["french_defense:_la_bourdonnais_variation\n",0.9996778785462319,510]
"french_defense:_la_bourdonnais_variation\n"	["caro-kann_defense\n",0.9997645401720289,205]
"french_defense:_normal_variation\n"	["scandinavian_defense:_mieses-kotroc_variation\n",0.9994608528222466,183]
"french_defense:_normal_variation\n"	["modern_defense\n",0.9995380517965549,120]
"french_defense:_normal_variation\n"	["caro-kann_defense\n",0.9995896132429224,129]
"french_defense:_normal_variation\n"	["owen_defense\n",0.9996717721074413,120]
"french_defense:_normal_variation\n"	["french_defense:_normal_variation\n",0.999757670280206,358]
"french_defense:_queen's_knight\n"	["scandinavian_defense\n",0.9992617303949292,241]
"french_defense:_queen's_knight\n"	["modern_defense\n",0.999262664829866,112]
"french_defense:_queen's_knight\n"	["caro-kann_defense\n",0.9995004468171702,166]
"french_defense:_queen's_knight\n"	["vienna_game\n",0.9995011325136969,132]
"french_defense:_queen's_knight\n"	["vienna_game:_max_lange_defense\n",0.9995729068070822,102]
"french_defense:_queen's_knight\n"	["sicilian_defense:_closed_variation__traditional\n",0.9995833580404482,229]
"french_defense:_queen's_knight\n"	["pirc_defense_#4\n",0.9995915109668841,136]
"french_defense:_queen's_knight\n"	["owen_defense\n",0.999661971369781,112]
"french_defense:_queen's_knight\n"	["french_defense:_queen's_knight\n",0.9997304491575628,324]
"french_defense:_queen's_knight\n"	["sicilian_defense:_closed_variation\n",0.9997660901361294,177]
"french_defense:_queen's_knight\n"	["van_geet_opening\n",0.9997939927527681,168]
"french_defense:_queen's_knight\n"	["sicilian_defense:_closed\n",0.9998357807615299,167]
"french_defense:_steiner_variation\n"	["english_opening:_the_whale\n",0.9965702553487248,101]
"french_defense:_steiner_variation\n"	["french_defense:_steiner_variation\n",0.9974216331120589,142]
"french_defense:_two_knights_variation\n"	["modern_defense\n",0.9992147649485589,112]
"french_defense:_two_knights_variation\n"	["scandinavian_defense\n",0.9997631989125803,146]
"french_defense:_two_knights_variation\n"	["sicilian_defense:_closed_variation__traditional\n",0.9997823308752641,132]
"french_defense:_two_knights_variation\n"	["french_defense:_two_knights_variation\n",0.9998294463889423,270]
"french_defense:_two_knights_variation\n"	["caro-kann_defense:_two_knights_attack\n",0.9998346726498648,121]
"french_defense:_two_knights_variation\n"	["sicilian_defense:_closed_variation\n",0.9998807154857939,102]
"french_defense:_two_knights_variation\n"	["van_geet_opening\n",0.9999486796844568,131]
"french_defense_#2\n"	["pirc_defense_#4\n",0.9993394594714978,126]
"french_defense_#2\n"	["french_defense_#2\n",0.9994516297825763,474]
"french_defense_#2\n"	["caro-kann_defense:_hillbilly_attack\n",0.9995884159284703,143]
"french_defense_#2\n"	["bishop's_opening\n",0.9995916531001459,229]
"french_defense_#2\n"	["scandinavian_defense\n",0.9996045598587239,151]
"french_defense_#2\n"	["caro-kann_defense\n",0.9996290136670783,124]
"french_defense_#2\n"	["scandinavian_defense:_mieses-kotroc_variation\n",0.9996318862955638,180]
"french_defense_#2\n"	["sicilian_defense:_bowdler_attack\n",0.9996874784428255,460]
"french_defense_#2\n"	["modern_defense\n",0.9997189112821917,143]
"french_defense_#2\n"	["sicilian_defense\n",0.9997337852654891,236]
"gedult's_opening\n"	["gedult's_opening\n",0.9998952512742815,454]
"giuoco_piano\n"	["giuoco_piano\n",0.9996107143706972,112]
"grob_opening:_grob_gambit__fritz_gambit\n"	["grob_opening\n",0.9998987870348953,158]
"grob_opening:_spike__hurst_attack\n"	["grob_opening\n",0.9998799331900265,128]
"grob_opening\n"	["grob_opening\n",0.9998751110312702,428]
"grob_opening\n"	["grob_opening:_spike__hurst_attack\n",0.9998799331900265,128]
"grob_opening\n"	["grob_opening:_grob_gambit__fritz_gambit\n",0.9998987870348953,158]
"horwitz_defense\n"	["queen's_pawn_game_#3\n",0.9988158711531628,177]
"horwitz_defense\n"	["caro-kann_defense\n",0.9991284545288652,106]
"horwitz_defense\n"	["slav_defense:_exchange_variation\n",0.9991749651794717,124]
"horwitz_defense\n"	["queen's_pawn_game_#2\n",0.9992799275018288,775]
"horwitz_defense\n"	["mieses_opening\n",0.9992961298723174,497]
"horwitz_defense\n"	["queen's_gambit_refused:_marshall_defense\n",0.9993053264073638,163]
"horwitz_defense\n"	["indian_game:_spielmann-indian\n",0.9993198283056088,113]
"horwitz_defense\n"	["english_defense_#2\n",0.9993539488047541,452]
"horwitz_defense\n"	["queen's_pawn_game:_chigorin_variation\n",0.9993638770437961,408]
"horwitz_defense\n"	["queen's_pawn_game:_torre_attack\n",0.9994335971222241,189]
"horwitz_defense\n"	["queen's_pawn_game:_zukertort_variation\n",0.9994429091118481,683]
"horwitz_defense\n"	["queen's_gambit_declined:_queen's_knight_variation\n",0.999457113254703,133]
"horwitz_defense\n"	["englund_gambit\n",0.9994575040918309,287]
"horwitz_defense\n"	["dutch_defense\n",0.9994813809985955,282]
"horwitz_defense\n"	["indian_game\n",0.9994910068493886,1021]
"horwitz_defense\n"	["queen's_pawn_game:_london_system\n",0.999561120369187,166]
"horwitz_defense\n"	["modern_defense\n",0.9995637625270302,871]
"horwitz_defense\n"	["queen's_pawn_game:_levitsky_attack\n",0.99956626546835,575]
"horwitz_defense\n"	["benoni_defense:_benoni_gambit_accepted\n",0.9995784532099212,135]
"horwitz_defense\n"	["queen's_pawn_game\n",0.9995940917436265,805]
"horwitz_defense\n"	["queen's_pawn\n",0.9996132783350502,1423]
"horwitz_defense\n"	["queen's_pawn_game:_mason_attack\n",0.9996272411099282,340]
"horwitz_defense\n"	["old_benoni_defense\n",0.9996290951567401,973]
"horwitz_defense\n"	["queen's_gambit_declined\n",0.9996315308982966,150]
"horwitz_defense\n"	["queen's_pawn_game:_symmetrical_variation\n",0.9996692408922804,128]
"horwitz_defense\n"	["torre_attack\n",0.9996782100844712,290]
"horwitz_defense\n"	["slav_defense_#2\n",0.999704308331979,133]
"horwitz_defense\n"	["trompowsky_attack\n",0.9997112400458458,107]
"horwitz_defense\n"	["indian_game:_london_system\n",0.9997467513384947,115]
"horwitz_defense\n"	["van't_kruijs_opening\n",0.9997604929735947,107]
"horwitz_defense\n"	["horwitz_defense\n",0.9997768892892106,2346]
"horwitz_defense\n"	["torre_attack_#2\n",0.9997955046380123,108]
"horwitz_defense\n"	["old_indian_defense\n",0.9998009432520506,141]
"horwitz_defense\n"	["queen's_gambit_accepted\n",0.9998127556330977,135]
"hungarian_opening:_catalan_formation\n"	["hungarian_opening:_slav_formation\n",0.9996528857088206,130]
"hungarian_opening:_catalan_formation\n"	["hungarian_opening:_sicilian_invitation\n",0.9997052404428615,115]
"hungarian_opening:_catalan_formation\n"	["hungarian_opening\n",0.9997790294913051,602]
"hungarian_opening:_indian_defense\n"	["hungarian_opening\n",0.9997306070251815,423]
"hungarian_opening:_indian_defense\n"	["hungarian_opening:_slav_formation\n",0.9998032797022901,112]
"hungarian_opening:_reversed_alekhine\n"	["king's_indian_attack\n",0.9997575007371325,103]
"hungarian_opening:_reversed_modern_defense\n"	["hungarian_opening\n",0.9997299805468306,204]
"hungarian_opening:_sicilian_invitation\n"	["mieses_opening\n",0.999314107870056,115]
"hungarian_opening:_sicilian_invitation\n"	["hungarian_opening:_catalan_formation\n",0.9997052404428615,115]
"hungarian_opening:_sicilian_invitation\n"	["hungarian_opening:_slav_formation\n",0.9997620028106751,120]
"hungarian_opening:_sicilian_invitation\n"	["hungarian_opening\n",0.9997945686590793,582]
"hungarian_opening:_sicilian_invitation\n"	["hungarian_opening:_sicilian_invitation\n",0.9998098597263744,194]
"hungarian_opening:_slav_formation\n"	["hungarian_opening:_catalan_formation\n",0.9996528857088206,130]
"hungarian_opening:_slav_formation\n"	["hungarian_opening:_symmetrical_variation\n",0.9996963065668948,121]
"hungarian_opening:_slav_formation\n"	["hungarian_opening:_slav_formation\n",0.9997137888579861,238]
"hungarian_opening:_slav_formation\n"	["hungarian_opening\n",0.9997274860385389,686]
"hungarian_opening:_slav_formation\n"	["hungarian_opening:_sicilian_invitation\n",0.9997620028106751,120]
"hungarian_opening:_slav_formation\n"	["hungarian_opening:_indian_defense\n",0.9998032797022901,112]
"hungarian_opening:_symmetrical_variation\n"	["hungarian_opening:_slav_formation\n",0.9996963065668948,121]
"hungarian_opening:_symmetrical_variation\n"	["hungarian_opening\n",0.9997363013398722,573]
"hungarian_opening:_symmetrical_variation\n"	["hungarian_opening:_symmetrical_variation\n",0.99975663031136,204]
"hungarian_opening\n"	["mieses_opening\n",0.9995877775727037,162]
"hungarian_opening\n"	["van't_kruijs_opening\n",0.9996431936334313,130]
"hungarian_opening\n"	["nimzo-larsen_attack:_classical_variation\n",0.9996702281750537,119]
"hungarian_opening\n"	["hungarian_opening:_slav_formation\n",0.9997274860385389,686]
"hungarian_opening\n"	["hungarian_opening:_reversed_modern_defense\n",0.9997299805468306,204]
"hungarian_opening\n"	["hungarian_opening:_indian_defense\n",0.9997306070251815,423]
"hungarian_opening\n"	["hungarian_opening:_symmetrical_variation\n",0.9997363013398722,573]
"hungarian_opening\n"	["hungarian_opening\n",0.9997560471623907,4936]
"hungarian_opening\n"	["hungarian_opening:_catalan_formation\n",0.9997790294913051,602]
"hungarian_opening\n"	["hungarian_opening:_sicilian_invitation\n",0.9997945686590793,582]
"indian_game:_london_system\n"	["queen's_pawn\n",0.9997085790555236,128]
"indian_game:_london_system\n"	["horwitz_defense\n",0.9997467513384947,115]
"indian_game:_london_system\n"	["queen's_pawn_game:_london_system\n",0.9998317917464834,106]
"indian_game:_london_system\n"	["queen's_pawn_game:_zukertort_variation\n",0.9998804124574958,123]
"indian_game:_spielmann-indian\n"	["horwitz_defense\n",0.9993198283056088,113]
"indian_game:_spielmann-indian\n"	["queen's_pawn_game:_zukertort_variation\n",0.9995624927632561,185]
"indian_game:_spielmann-indian\n"	["queen's_pawn\n",0.9997938549004397,234]
"indian_game:_spielmann-indian\n"	["torre_attack\n",0.9998281384983418,103]
"indian_game:_tartakower_attack\n"	["queen's_pawn_game\n",0.9978523518703869,116]
"indian_game:_wade-tartakower_defense\n"	["queen's_pawn_game:_zukertort_variation\n",0.9997400021368461,105]
"indian_game:_wade-tartakower_defense\n"	["queen's_pawn\n",0.9998591442063371,106]
"indian_game\n"	["queen's_pawn_game_#3\n",0.998658436743448,202]
"indian_game\n"	["queen's_pawn\n",0.9989957698373548,765]
"indian_game\n"	["dutch_defense\n",0.9992593100207853,110]
"indian_game\n"	["old_benoni_defense\n",0.9992924573149056,437]
"indian_game\n"	["queen's_pawn_game_#2\n",0.9993105658581553,675]
"indian_game\n"	["english_defense_#2\n",0.9993137445557008,175]
"indian_game\n"	["queen's_pawn_game:_chigorin_variation\n",0.9993477927155461,239]
"indian_game\n"	["indian_game\n",0.9994301331211095,1648]
"indian_game\n"	["queen's_pawn_game:_levitsky_attack\n",0.999469770560531,166]
"indian_game\n"	["horwitz_defense\n",0.9994910068493886,1021]
"indian_game\n"	["englund_gambit\n",0.9995456626733304,139]
"indian_game\n"	["queen's_pawn_game:_mason_attack\n",0.9995701686813366,509]
"indian_game\n"	["queen's_pawn_game\n",0.9996123954690338,737]
"indian_game\n"	["mieses_opening\n",0.9996557196931634,306]
"indian_game\n"	["modern_defense\n",0.9997377270753633,446]
"italian_game:_anti-fried_liver_defense\n"	["italian_game:_anti-fried_liver_defense\n",0.9996185847144332,124]
"italian_game:_anti-fried_liver_defense\n"	["philidor_defense_#3\n",0.9998183663879252,118]
"italian_game:_scotch_gambit__de_riviere_defense\n"	["italian_game:_scotch_gambit__de_riviere_defense\n",0.9997833913480054,110]
"sicilian_defense:_mcdonnell_attack\n"	["french_defense:_la_bourdonnais_variation\n",0.9996070711773,483]
"sicilian_defense:_mengarini_variation\n"	["sicilian_defense:_mengarini_variation\n",0.9987769516228867,156]
"sicilian_defense:_nyezhmetdinov-rossolimo_attack\n"	["sicilian_defense:_nyezhmetdinov-rossolimo_attack\n",0.9994487975118076,124]
"sicilian_defense:_old_sicilian\n"	["modern_defense\n",0.9994449015880077,187]
"sicilian_defense:_old_sicilian\n"	["scandinavian_defense:_mieses-kotroc_variation\n",0.999482150882905,226]
"sicilian_defense:_old_sicilian\n"	["philidor_defense_#3\n",0.9995151039713374,184]
"sicilian_defense:_old_sicilian\n"	["sicilian_defense\n",0.9995338112223726,395]
"sicilian_defense:_old_sicilian\n"	["french_defense:_knight_variation\n",0.9995426033258832,444]
"sicilian_defense:_old_sicilian\n"	["zukertort_opening:_tennison_gambit\n",0.999549713710004,158]
"sicilian_defense:_old_sicilian\n"	["pirc_defense_#4\n",0.9995639472144385,160]
"sicilian_defense:_old_sicilian\n"	["sicilian_defense:_old_sicilian\n",0.9995928471490241,574]
"sicilian_defense:_old_sicilian\n"	["caro-kann_defense\n",0.9996021991162704,293]
"sicilian_defense:_old_sicilian\n"	["scandinavian_defense\n",0.9996552667231711,102]
"sicilian_defense:_old_sicilian\n"	["philidor_defense_#2\n",0.9996654430584868,116]
"sicilian_defense:_old_sicilian\n"	["owen_defense\n",0.9996763927973449,219]
"sicilian_defense:_old_sicilian\n"	["sicilian_defense:_french_variation\n",0.9997569077057412,215]
"sicilian_defense:_smith-morra_gambit\n"	["sicilian_defense:_smith-morra_gambit\n",0.9992673288029776,260]
"sicilian_defense:_smith-morra_gambit\n"	["sicilian_defense:_smith-morra_gambit_declined__push_variation\n",0.9996306595766543,101]
"sicilian_defense:_smith-morra_gambit_#2\n"	["scandinavian_defense:_mieses-kotroc_variation\n",0.9995981179808928,119]
"sicilian_defense:_smith-morra_gambit_#2\n"	["french_defense:_exchange_variation\n",0.999737557306751,120]
"sicilian_defense:_smith-morra_gambit_#2\n"	["sicilian_defense:_smith-morra_gambit_#2\n",0.9998156704643233,312]
"sicilian_defense:_smith-morra_gambit_accepted__kan_formation\n"	["sicilian_defense:_smith-morra_gambit_accepted__kan_formation\n",0.9999169105498092,158]
"sicilian_defense:_smith-morra_gambit_declined__push_variation\n"	["sicilian_defense:_smith-morra_gambit\n",0.9996306595766543,101]
"sicilian_defense:_snyder_variation\n"	["sicilian_defense:_snyder_variation\n",0.9998632402891369,454]
"sicilian_defense:_staunton-cochrane_variation\n"	["sicilian_defense:_staunton-cochrane_variation\n",0.9996504418444978,200]
"sicilian_defense:_wing_gambit\n"	["sicilian_defense:_wing_gambit\n",0.9998973457520594,108]
"sicilian_defense\n"	["zukertort_opening:_tennison_gambit\n",0.999108338330485,103]
"sicilian_defense\n"	["king's_pawn_game:_leonardis_variation\n",0.9991682110802751,579]
"sicilian_defense\n"	["french_defense:_king's_indian_attack\n",0.9991731760784788,398]
"sicilian_defense\n"	["pirc_defense:_classical_variation\n",0.9992122852683429,103]
"sicilian_defense\n"	["caro-kann_defense:_breyer_variation\n",0.9992793437074765,176]
"sicilian_defense\n"	["pirc_defense_#4\n",0.9993905032644741,336]
"sicilian_defense\n"	["owen_defense\n",0.9994244138951558,430]
"sicilian_defense\n"	["philidor_defense_#3\n",0.9994283612216792,171]
"sicilian_defense\n"	["scandinavian_defense\n",0.9994388390265251,499]
"sicilian_defense\n"	["scandinavian_defense:_mieses-kotroc_variation\n",0.9994476323990544,270]
"sicilian_defense\n"	["sicilian_defense:_bowdler_attack\n",0.9994496739598655,128]
"sicilian_defense\n"	["scandinavian_defense:_modern_variation_#2\n",0.9994797539381326,112]
"sicilian_defense\n"	["sicilian_defense\n",0.9995007560697619,2090]
"sicilian_defense\n"	["sicilian_defense:_old_sicilian\n",0.9995338112223726,395]
"sicilian_defense\n"	["french_defense:_knight_variation\n",0.999549979376093,549]
"sicilian_defense\n"	["van't_kruijs_opening\n",0.9995592236267068,238]
"sicilian_defense\n"	["modern_defense\n",0.9996002010939764,365]
"sicilian_defense\n"	["sicilian_defense:_french_variation\n",0.999645224768753,214]
"sicilian_defense\n"	["caro-kann_defense\n",0.9996477445031992,390]
"sicilian_defense\n"	["philidor_defense_#2\n",0.9997168950428887,143]
"sicilian_defense\n"	["french_defense_#2\n",0.9997337852654891,236]
"sicilian_defense\n"	["king's_pawn_game:_wayward_queen_attack\n",0.9998260244261035,191]
"sicilian_defense\n"	["king's_pawn_game:_napoleon_attack\n",0.9998380816968733,126]
"slav_defense:_exchange_variation\n"	["horwitz_defense\n",0.9991749651794717,124]
"slav_defense:_exchange_variation\n"	["old_benoni_defense\n",0.999644550005694,144]
"slav_defense:_exchange_variation\n"	["slav_defense:_exchange_variation\n",0.9997604242420529,232]
"slav_defense\n"	["slav_defense\n",0.9995956895644893,192]
"slav_defense_#2\n"	["modern_defense\n",0.9993195548180088,114]
"slav_defense_#2\n"	["old_benoni_defense\n",0.9993786384267749,115]
"slav_defense_#2\n"	["queen's_pawn\n",0.9996662893642333,105]
"slav_defense_#2\n"	["horwitz_defense\n",0.999704308331979,133]
"slav_defense_#2\n"	["queen's_gambit_accepted\n",0.9997434486392973,165]
"slav_defense_#2\n"	["semi-slav_defense:_accelerated_move_order\n",0.9997543592006413,108]
"slav_defense_#2\n"	["slav_defense_#2\n",0.999875770918524,246]
"three_knights_opening\n"	["three_knights_opening\n",0.9997309903319304,214]
"torre_attack\n"	["modern_defense\n",0.9994516135219231,135]
"torre_attack\n"	["queen's_pawn_game:_torre_attack\n",0.9995746092462451,227]
"torre_attack\n"	["queen's_pawn_game:_zukertort_variation\n",0.9996207537902637,530]
"torre_attack\n"	["old_benoni_defense\n",0.9996781532819334,146]
"torre_attack\n"	["horwitz_defense\n",0.9996782100844712,290]
"torre_attack\n"	["torre_attack\n",0.9998098455964082,388]
"torre_attack\n"	["queen's_pawn\n",0.9998151906127225,390]
"torre_attack\n"	["indian_game:_spielmann-indian\n",0.9998281384983418,103]
"torre_attack_#2\n"	["queen's_pawn_game:_zukertort_variation\n",0.9996949604039537,130]
"torre_attack_#2\n"	["horwitz_defense\n",0.9997955046380123,108]
"trompowsky_attack:_classical_defense\n"	["queen's_pawn_game:_levitsky_attack\n",0.9995920161171493,107]
"trompowsky_attack\n"	["queen's_pawn\n",0.9995854199024546,139]
"trompowsky_attack\n"	["queen's_pawn_game:_levitsky_attack\n",0.9997064566020447,197]
"trompowsky_attack\n"	["horwitz_defense\n",0.9997112400458458,107]
"trompowsky_attack\n"	["trompowsky_attack\n",0.9998194255826853,288]
"valencia_opening\n"	["mieses_opening\n",0.9999636771619128,120]
"van't_kruijs_opening\n"	["mieses_opening:_reversed_rat\n",0.999166441345805,147]
"van't_kruijs_opening\n"	["englund_gambit_declined__reversed_french\n",0.9993640484736555,249]
"van't_kruijs_opening\n"	["scandinavian_defense:_mieses-kotroc_variation\n",0.9994266043906288,155]
"van't_kruijs_opening\n"	["mieses_opening\n",0.9994268561056862,553]
"van't_kruijs_opening\n"	["owen_defense\n",0.9994703818066788,150]
"van't_kruijs_opening\n"	["french_defense:_knight_variation\n",0.9995399243981161,170]
"van't_kruijs_opening\n"	["sicilian_defense\n",0.9995592236267068,238]
"van't_kruijs_opening\n"	["pirc_defense_#4\n",0.9996305196723607,114]
"van't_kruijs_opening\n"	["saragossa_opening\n",0.9996367128291406,131]
"van't_kruijs_opening\n"	["hungarian_opening\n",0.9996431936334313,130]
"van't_kruijs_opening\n"	["caro-kann_defense\n",0.9996728933920538,179]
"van't_kruijs_opening\n"	["queen's_pawn\n",0.999686539121777,102]
"van't_kruijs_opening\n"	["van't_kruijs_opening\n",0.999706183572333,13356]
"van't_kruijs_opening\n"	["modern_defense\n",0.9997266845724386,201]
"van't_kruijs_opening\n"	["nimzo-larsen_attack:_modern_variation_#4\n",0.9997338488217303,415]
"van't_kruijs_opening\n"	["horwitz_defense\n",0.9997604929735947,107]
"van't_kruijs_opening\n"	["queen's_pawn_game_#2\n",0.999764095835261,197]
"van't_kruijs_opening\n"	["scandinavian_defense\n",0.9998468319983074,159]
"van_geet_opening:_reversed_nimzowitsch\n"	["van_geet_opening\n",0.9995010831945673,194]
"van_geet_opening\n"	["van_geet_opening:_reversed_nimzowitsch\n",0.9995010831945673,194]
"van_geet_opening\n"	["caro-kann_defense\n",0.9996342064215815,149]
"van_geet_opening\n"	["french_defense:_queen's_knight\n",0.9997939927527681,168]
"van_geet_opening\n"	["sicilian_defense:_closed_variation__traditional\n",0.9998244369095857,112]
"van_geet_opening\n"	["van_geet_opening\n",0.999837981110286,2618]
"van_geet_opening\n"	["sicilian_defense:_closed\n",0.999891323570448,138]
"van_geet_opening\n"	["caro-kann_defense:_two_knights_attack\n",0.9998940065267522,260]
"van_geet_opening\n"	["zukertort_opening:_reversed_mexican_defense\n",0.9999121475577877,138]
"van_geet_opening\n"	["french_defense:_two_knights_variation\n",0.9999486796844568,131]
"vienna_game:_max_lange_defense\n"	["french_defense:_queen's_knight\n",0.9995729068070822,102]
"vienna_game\n"	["sicilian_defense:_closed_variation__traditional\n",0.9993039000610906,146]
"vienna_game\n"	["french_defense:_queen's_knight\n",0.9995011325136969,132]
"vienna_game\n"	["scandinavian_defense\n",0.9997372601389843,137]
"zukertort_opening:_basman_defense\n"	["queen's_pawn_game:_zukertort_variation\n",0.999851892611576,136]
"zukertort_opening:_black_mustang_defense\n"	["zukertort_opening:_old_indian_attack\n",0.9978613744621397,142]
"zukertort_opening:_black_mustang_defense\n"	["reti_opening_#2\n",0.9981994050239293,202]
"zukertort_opening:_black_mustang_defense\n"	["zukertort_opening:_sicilian_invitation\n",0.9993764299610965,220]
"zukertort_opening:_black_mustang_defense\n"	["zukertort_opening:_queen's_gambit_invitation\n",0.999395558109422,228]
"zukertort_opening:_black_mustang_defense\n"	["zukertort_opening:_black_mustang_defense\n",0.9994168624350686,112]
"zukertort_opening:_black_mustang_defense\n"	["reti_opening\n",0.999506813100312,155]
"zukertort_opening:_black_mustang_defense\n"	["zukertort_opening:_pirc_invitation\n",0.9996284759851767,131]
"zukertort_opening:_kingside_fianchetto\n"	["zukertort_opening:_slav_invitation\n",0.9996519201606706,113]
"zukertort_opening:_kingside_fianchetto\n"	["zukertort_opening:_queen's_gambit_invitation\n",0.9996879489033085,222]
"zukertort_opening:_kingside_fianchetto\n"	["king's_indian_attack\n",0.9997159895141468,199]
"zukertort_opening:_kingside_fianchetto\n"	["reti_opening_#2\n",0.9997223777539357,134]
"zukertort_opening:_kingside_fianchetto\n"	["zukertort_opening:_pirc_invitation\n",0.9997412023284047,106]
"zukertort_opening:_kingside_fianchetto\n"	["zukertort_opening:_sicilian_invitation\n",0.9997804072979151,274]
"zukertort_opening:_kingside_fianchetto\n"	["zukertort_opening:_kingside_fianchetto\n",0.999831419317623,208]
"zukertort_opening:_nimzo-larsen_variation\n"	["nimzowitsch-larsen_attack\n",0.9995239873782553,148]
"zukertort_opening:_old_indian_attack\n"	["reti_opening_#2\n",0.9971894561233774,237]
"zukertort_opening:_old_indian_attack\n"	["zukertort_opening:_old_indian_attack\n",0.9977689542050376,604]
"zukertort_opening:_old_indian_attack\n"	["zukertort_opening:_black_mustang_defense\n",0.9978613744621397,142]
"zukertort_opening:_old_indian_attack\n"	["zukertort_opening:_sicilian_invitation\n",0.9985662964510149,134]
"zukertort_opening:_old_indian_attack\n"	["zukertort_opening:_queen's_gambit_invitation\n",0.9986783746234724,156]
"zukertort_opening:_old_indian_attack\n"	["mieses_opening\n",0.9996374248158302,182]
"zukertort_opening:_pirc_invitation\n"	["reti_opening_#2\n",0.9992331020046943,245]
"zukertort_opening:_pirc_invitation\n"	["reti_opening\n",0.9994187581749147,173]
"zukertort_opening:_pirc_invitation\n"	["zukertort_opening:_queen's_gambit_invitation\n",0.9995395928740647,335]
"zukertort_opening:_pirc_invitation\n"	["zukertort_opening:_sicilian_invitation\n",0.9995512273718603,333]
"zukertort_opening:_pirc_invitation\n"	["zukertort_opening:_slav_invitation\n",0.9996127938771375,150]
"zukertort_opening:_pirc_invitation\n"	["zukertort_opening:_black_mustang_defense\n",0.9996284759851767,131]
"zukertort_opening:_pirc_invitation\n"	["zukertort_opening:_ross_gambit\n",0.9996409232922909,142]
"zukertort_opening:_pirc_invitation\n"	["zukertort_opening:_kingside_fianchetto\n",0.9997412023284047,106]
"zukertort_opening:_pirc_invitation\n"	["king's_indian_attack\n",0.9997727418988454,193]
"zukertort_opening:_pirc_invitation\n"	["zukertort_opening:_pirc_invitation\n",0.9997866059308638,278]
"zukertort_opening:_queen's_gambit_invitation\n"	["zukertort_opening:_old_indian_attack\n",0.9986783746234724,156]
"zukertort_opening:_queen's_gambit_invitation\n"	["reti_opening_#2\n",0.9993810094133195,463]
"zukertort_opening:_queen's_gambit_invitation\n"	["zukertort_opening:_slav_invitation\n",0.9993833367873852,197]
"zukertort_opening:_queen's_gambit_invitation\n"	["zukertort_opening:_black_mustang_defense\n",0.999395558109422,228]
"zukertort_opening:_queen's_gambit_invitation\n"	["reti_opening\n",0.9994067401619451,421]
"zukertort_opening:_queen's_gambit_invitation\n"	["zukertort_opening:_queen's_gambit_invitation\n",0.9995219308084103,712]
"zukertort_opening:_queen's_gambit_invitation\n"	["zukertort_opening:_sicilian_invitation\n",0.9995354280160293,590]
"zukertort_opening:_queen's_gambit_invitation\n"	["zukertort_opening:_pirc_invitation\n",0.9995395928740647,335]
"zukertort_opening:_queen's_gambit_invitation\n"	["king's_indian_attack\n",0.9995679746998332,208]
"zukertort_opening:_queen's_gambit_invitation\n"	["zukertort_opening:_ross_gambit\n",0.9995877218788054,211]
"zukertort_opening:_queen's_gambit_invitation\n"	["queen's_pawn_game:_zukertort_variation\n",0.9996878191611835,166]
"zukertort_opening:_queen's_gambit_invitation\n"	["zukertort_opening:_kingside_fianchetto\n",0.9996879489033085,222]
"zukertort_opening:_queen's_gambit_invitation\n"	["zukertort_opening:_queenside_fianchetto_variation\n",0.9997950685948273,109]
"zukertort_opening:_queenside_fianchetto_variation\n"	["reti_opening\n",0.9996871660010773,111]
"zukertort_opening:_queenside_fianchetto_variation\n"	["zukertort_opening:_sicilian_invitation\n",0.9997671253614847,172]
"zukertort_opening:_queenside_fianchetto_variation\n"	["zukertort_opening:_queen's_gambit_invitation\n",0.9997950685948273,109]
"zukertort_opening:_reversed_mexican_defense\n"	["van_geet_opening\n",0.9999121475577877,138]
"zukertort_opening:_ross_gambit\n"	["reti_opening_#2\n",0.9993103830779516,134]
"zukertort_opening:_ross_gambit\n"	["zukertort_opening:_queen's_gambit_invitation\n",0.9995877218788054,211]
"zukertort_opening:_ross_gambit\n"	["reti_opening\n",0.9996290369313535,184]
"zukertort_opening:_ross_gambit\n"	["zukertort_opening:_pirc_invitation\n",0.9996409232922909,142]
"zukertort_opening:_ross_gambit\n"	["zukertort_opening:_sicilian_invitation\n",0.9996869454985513,201]
"zukertort_opening:_ross_gambit\n"	["zukertort_opening:_slav_invitation\n",0.9997084020876147,111]
"zukertort_opening:_ross_gambit\n"	["zukertort_opening:_ross_gambit\n",0.999834749017993,194]
"zukertort_opening:_sicilian_invitation\n"	["zukertort_opening:_old_indian_attack\n",0.9985662964510149,134]
"zukertort_opening:_sicilian_invitation\n"	["zukertort_opening:_black_mustang_defense\n",0.9993764299610965,220]
"zukertort_opening:_sicilian_invitation\n"	["reti_opening\n",0.9994500218106457,427]
"zukertort_opening:_sicilian_invitation\n"	["reti_opening_#2\n",0.9994708057744152,424]
"zukertort_opening:_sicilian_invitation\n"	["zukertort_opening:_queen's_gambit_invitation\n",0.9995354280160293,590]
"zukertort_opening:_sicilian_invitation\n"	["zukertort_opening:_pirc_invitation\n",0.9995512273718603,333]
"zukertort_opening:_sicilian_invitation\n"	["zukertort_opening:_slav_invitation\n",0.9995646685105899,268]
"zukertort_opening:_sicilian_invitation\n"	["zukertort_opening:_sicilian_invitation\n",0.999622947974114,716]
"zukertort_opening:_sicilian_invitation\n"	["zukertort_opening:_ross_gambit\n",0.9996869454985513,201]
"zukertort_opening:_sicilian_invitation\n"	["king's_indian_attack\n",0.999710468134831,205]
"zukertort_opening:_sicilian_invitation\n"	["queen's_pawn_game:_zukertort_variation\n",0.9997339513051329,106]
"zukertort_opening:_sicilian_invitation\n"	["zukertort_opening:_queenside_fianchetto_variation\n",0.9997671253614847,172]
"zukertort_opening:_sicilian_invitation\n"	["zukertort_opening:_kingside_fianchetto\n",0.9997804072979151,274]
"zukertort_opening:_slav_invitation\n"	["zukertort_opening:_queen's_gambit_invitation\n",0.9993833367873852,197]
"zukertort_opening:_slav_invitation\n"	["reti_opening\n",0.9995475635817895,169]
"zukertort_opening:_slav_invitation\n"	["zukertort_opening:_sicilian_invitation\n",0.9995646685105899,268]
"zukertort_opening:_slav_invitation\n"	["king's_indian_attack\n",0.9995701100600433,139]
"zukertort_opening:_slav_invitation\n"	["reti_opening_#2\n",0.9996051780553097,182]
"zukertort_opening:_slav_invitation\n"	["zukertort_opening:_pirc_invitation\n",0.9996127938771375,150]
"zukertort_opening:_slav_invitation\n"	["zukertort_opening:_kingside_fianchetto\n",0.9996519201606706,113]
"zukertort_opening:_slav_invitation\n"	["zukertort_opening:_ross_gambit\n",0.9997084020876147,111]
"zukertort_opening:_slav_invitation\n"	["zukertort_opening:_slav_invitation\n",0.9997180644583582,194]
"zukertort_opening:_tennison_gambit\n"	["sicilian_defense\n",0.999108338330485,103]
"zukertort_opening:_tennison_gambit\n"	["french_defense:_knight_variation\n",0.9992180730115183,266]
"zukertort_opening:_tennison_gambit\n"	["caro-kann_defense\n",0.9993026479998804,172]
"zukertort_opening:_tennison_gambit\n"	["owen_defense\n",0.9993355240778875,131]
"zukertort_opening:_tennison_gambit\n"	["modern_defense\n",0.9994805353845855,188]
"zukertort_opening:_tennison_gambit\n"	["zukertort_opening:_tennison_gambit\n",0.9995381558300798,422]
"zukertort_opening:_tennison_gambit\n"	["sicilian_defense:_old_sicilian\n",0.999549713710004,158]
"sicilian_defense:_alapin_variation\n"	["caro-kann_defense\n",0.9988689248532411,124]
"sicilian_defense:_alapin_variation\n"	["sicilian_defense:_alapin_variation\n",0.9996288715139553,742]
"sicilian_defense:_alapin_variation\n"	["scandinavian_defense:_mieses-kotroc_variation\n",0.9996682646094746,133]
"sicilian_defense:_alapin_variation\n"	["king's_pawn_game:_macleod_attack\n",0.9997987179176557,207]
"sicilian_defense:_bowdler_attack\n"	["bishop's_opening\n",0.9991815188907865,649]
"sicilian_defense:_bowdler_attack\n"	["scandinavian_defense:_mieses-kotroc_variation\n",0.9994139993286976,303]
"sicilian_defense:_bowdler_attack\n"	["sicilian_defense\n",0.9994496739598655,128]
"sicilian_defense:_bowdler_attack\n"	["caro-kann_defense:_hillbilly_attack\n",0.9996023499634361,248]
"sicilian_defense:_bowdler_attack\n"	["sicilian_defense:_bowdler_attack\n",0.9996028766737338,1364]
"sicilian_defense:_bowdler_attack\n"	["pirc_defense_#4\n",0.9996207831824937,172]
"sicilian_defense:_bowdler_attack\n"	["bishop's_opening:_boi_variation\n",0.9996340819954466,177]
"sicilian_defense:_bowdler_attack\n"	["bishop's_opening:_berlin_defense\n",0.9996545950071885,274]
"sicilian_defense:_bowdler_attack\n"	["owen_defense\n",0.9996787061193683,217]
"sicilian_defense:_bowdler_attack\n"	["french_defense_#2\n",0.9996874784428255,460]
"sicilian_defense:_bowdler_attack\n"	["scandinavian_defense\n",0.9997005887404864,150]
"sicilian_defense:_bowdler_attack\n"	["caro-kann_defense\n",0.9997239420338819,137]
"sicilian_defense:_bowdler_attack\n"	["french_defense:_knight_variation\n",0.9997247043743489,118]
"sicilian_defense:_bowdler_attack\n"	["modern_defense\n",0.9997993028684363,209]
"sicilian_defense:_bowdler_attack\n"	["russian_game:_urusov_gambit\n",0.9998220645371056,106]
"sicilian_defense:_closed\n"	["sicilian_defense:_closed_variation__traditional\n",0.9994913115452099,160]
"sicilian_defense:_closed\n"	["caro-kann_defense\n",0.9995551673438178,103]
"sicilian_defense:_closed\n"	["scandinavian_defense\n",0.9996838774505212,170]
"sicilian_defense:_closed\n"	["sicilian_defense:_closed_variation\n",0.9997735045948648,194]
"sicilian_defense:_closed\n"	["sicilian_defense:_closed\n",0.9997894540624886,150]
"sicilian_defense:_closed\n"	["french_defense:_queen's_knight\n",0.9998357807615299,167]
"sicilian_defense:_closed\n"	["van_geet_opening\n",0.999891323570448,138]
"sicilian_defense:_closed_variation\n"	["caro-kann_defense\n",0.9991016308235711,123]
"sicilian_defense:_closed_variation\n"	["modern_defense\n",0.9995179956833388,104]
"sicilian_defense:_closed_variation\n"	["sicilian_defense:_closed_variation__traditional\n",0.9996221195518622,267]
"sicilian_defense:_closed_variation\n"	["scandinavian_defense\n",0.999716218716512,217]
"sicilian_defense:_closed_variation\n"	["sicilian_defense:_closed_variation\n",0.9997174998058996,350]
"sicilian_defense:_closed_variation\n"	["french_defense:_queen's_knight\n",0.9997660901361294,177]
"sicilian_defense:_closed_variation\n"	["sicilian_defense:_closed\n",0.9997735045948648,194]
"sicilian_defense:_closed_variation\n"	["owen_defense\n",0.9998143544790477,111]
"sicilian_defense:_closed_variation\n"	["french_defense:_two_knights_variation\n",0.9998807154857939,102]
"sicilian_defense:_closed_variation__traditional\n"	["caro-kann_defense\n",0.9992139292076403,165]
"sicilian_defense:_closed_variation__traditional\n"	["sicilian_defense:_closed_variation__traditional\n",0.9992481508038777,310]
"sicilian_defense:_closed_variation__traditional\n"	["vienna_game\n",0.9993039000610906,146]
"sicilian_defense:_closed_variation__traditional\n"	["modern_defense\n",0.9993142189450961,147]
"sicilian_defense:_closed_variation__traditional\n"	["owen_defense\n",0.9993483389410527,101]
"sicilian_defense:_closed_variation__traditional\n"	["sicilian_defense:_closed\n",0.9994913115452099,160]
"sicilian_defense:_closed_variation__traditional\n"	["french_defense:_queen's_knight\n",0.9995833580404482,229]
"sicilian_defense:_closed_variation__traditional\n"	["sicilian_defense:_closed_variation\n",0.9996221195518622,267]
"sicilian_defense:_closed_variation__traditional\n"	["scandinavian_defense\n",0.9996388053396842,274]
"sicilian_defense:_closed_variation__traditional\n"	["caro-kann_defense:_two_knights_attack\n",0.999751876821025,110]
"sicilian_defense:_closed_variation__traditional\n"	["pirc_defense_#4\n",0.9997821126099097,124]
"sicilian_defense:_closed_variation__traditional\n"	["french_defense:_two_knights_variation\n",0.9997823308752641,132]
"sicilian_defense:_closed_variation__traditional\n"	["van_geet_opening\n",0.9998244369095857,112]
"sicilian_defense:_french_variation\n"	["scandinavian_defense:_mieses-kotroc_variation\n",0.9993674235362151,139]
"sicilian_defense:_french_variation\n"	["pirc_defense_#4\n",0.9994831377957268,109]
"sicilian_defense:_french_variation\n"	["modern_defense\n",0.9995424932902988,104]
"sicilian_defense:_french_variation\n"	["pirc_defense:_classical_variation\n",0.9995561516011056,109]
"sicilian_defense:_french_variation\n"	["sicilian_defense\n",0.999645224768753,214]
"sicilian_defense:_french_variation\n"	["french_defense:_knight_variation\n",0.9996656619521829,273]
"sicilian_defense:_french_variation\n"	["owen_defense\n",0.999694975775375,102]
"sicilian_defense:_french_variation\n"	["caro-kann_defense\n",0.9997202885114677,169]
"sicilian_defense:_french_variation\n"	["sicilian_defense:_old_sicilian\n",0.9997569077057412,215]
"sicilian_defense:_french_variation\n"	["sicilian_defense:_french_variation\n",0.9997933428731653,178]
"sicilian_defense:_mcdonnell_attack\n"	["owen_defense\n",0.999158876987418,169]
"sicilian_defense:_mcdonnell_attack\n"	["scandinavian_defense:_mieses-kotroc_variation\n",0.999222104854117,175]
"sicilian_defense:_mcdonnell_attack\n"	["caro-kann_defense\n",0.9992920543231743,252]
"sicilian_defense:_mcdonnell_attack\n"	["sicilian_defense:_mcdonnell_attack\n",0.9994535308368732,890]
"sicilian_defense:_mcdonnell_attack\n"	["rat_defense:_harmonist\n",0.9994681301527758,142]
"sicilian_defense:_mcdonnell_attack\n"	["king's_gambit\n",0.9995706614139684,109]
"sicilian_defense:_mcdonnell_attack\n"	["scandinavian_defense\n",0.9995788919384705,129]
"sicilian_defense:_mcdonnell_attack\n"	["king's_gambit_declined__queen's_knight_defense\n",0.9995797463283592,117]
"pirc_defense:_classical_variation\n"	["four_knights_game:_italian_variation\n",0.999564151897972,120]
"pirc_defense_#4\n"	["caro-kann_defense\n",0.9993340008153874,324]
"pirc_defense_#4\n"	["french_defense_#2\n",0.9993394594714978,126]
"pirc_defense_#4\n"	["sicilian_defense\n",0.9993905032644741,336]
"pirc_defense_#4\n"	["french_defense:_knight_variation\n",0.9994510714778772,309]
"pirc_defense_#4\n"	["sicilian_defense:_french_variation\n",0.9994831377957268,109]
"pirc_defense_#4\n"	["scandinavian_defense\n",0.9995016992457834,306]
"pirc_defense_#4\n"	["french_defense:_king's_indian_attack\n",0.9995623159332564,140]
"pirc_defense_#4\n"	["sicilian_defense:_old_sicilian\n",0.9995639472144385,160]
"pirc_defense_#4\n"	["pirc_defense_#4\n",0.999565333083025,310]
"pirc_defense_#4\n"	["french_defense:_queen's_knight\n",0.9995915109668841,136]
"pirc_defense_#4\n"	["sicilian_defense:_bowdler_attack\n",0.9996207831824937,172]
"pirc_defense_#4\n"	["van't_kruijs_opening\n",0.9996305196723607,114]
"pirc_defense_#4\n"	["owen_defense\n",0.9996598320284587,224]
"pirc_defense_#4\n"	["modern_defense\n",0.9996830646531742,244]
"pirc_defense_#4\n"	["king's_pawn_game:_leonardis_variation\n",0.9996896650190547,130]
"pirc_defense_#4\n"	["scandinavian_defense:_mieses-kotroc_variation\n",0.9997208269568101,250]
"pirc_defense_#4\n"	["sicilian_defense:_closed_variation__traditional\n",0.9997821126099097,124]
"pirc_defense_#5\n"	["scandinavian_defense:_mieses-kotroc_variation\n",0.9996538757043911,101]
"polish_opening:_czech_defense\n"	["polish_opening\n",0.9997670217193151,300]
"polish_opening:_king's_indian_variation\n"	["polish_opening\n",0.9998649575309153,161]
"polish_opening\n"	["polish_opening:_czech_defense\n",0.9997670217193151,300]
"polish_opening\n"	["polish_opening\n",0.9998065045520796,1640]
"polish_opening\n"	["polish_opening:_king's_indian_variation\n",0.9998649575309153,161]
"queen's_gambit_accepted:_old_variation\n"	["queen's_gambit_accepted:_old_variation\n",0.9994339271535593,208]
"queen's_gambit_accepted:_old_variation\n"	["queen's_gambit_declined\n",0.999587615824795,117]
"queen's_gambit_accepted\n"	["queen's_gambit_accepted\n",0.9997112838880629,296]
"queen's_gambit_accepted\n"	["slav_defense_#2\n",0.9997434486392973,165]
"queen's_gambit_accepted\n"	["nimzo-indian_defense\n",0.9997838636657916,107]
"queen's_gambit_accepted\n"	["queen's_gambit_refused:_marshall_defense\n",0.999785396818029,113]
"queen's_gambit_accepted\n"	["horwitz_defense\n",0.9998127556330977,135]
"queen's_gambit_declined:_queen's_knight_variation\n"	["horwitz_defense\n",0.999457113254703,133]
"queen's_gambit_declined:_queen's_knight_variation\n"	["queen's_gambit_declined:_queen's_knight_variation\n",0.9998635271355494,110]
"queen's_gambit_declined\n"	["old_benoni_defense\n",0.9995458031673574,136]
"queen's_gambit_declined\n"	["modern_defense\n",0.9995711591239254,129]
"queen's_gambit_declined\n"	["queen's_gambit_accepted:_old_variation\n",0.999587615824795,117]
"queen's_gambit_declined\n"	["horwitz_defense\n",0.9996315308982966,150]
"queen's_gambit_declined\n"	["queen's_gambit_declined\n",0.9996836834501885,360]
"queen's_gambit_declined\n"	["queen's_gambit_refused:_marshall_defense\n",0.9997623679731219,141]
"queen's_gambit_refused:_marshall_defense\n"	["horwitz_defense\n",0.9993053264073638,163]
"queen's_gambit_refused:_marshall_defense\n"	["modern_defense\n",0.9994071565628433,129]
"queen's_gambit_refused:_marshall_defense\n"	["old_benoni_defense\n",0.9994180215958569,170]
"queen's_gambit_refused:_marshall_defense\n"	["queen's_pawn\n",0.9996127148058309,119]
"queen's_gambit_refused:_marshall_defense\n"	["english_defense_#2\n",0.9996146375062804,105]
"queen's_gambit_refused:_marshall_defense\n"	["queen's_gambit_refused:_marshall_defense\n",0.9997268154371903,232]
"queen's_gambit_refused:_marshall_defense\n"	["queen's_gambit_declined\n",0.9997623679731219,141]
"queen's_gambit_refused:_marshall_defense\n"	["queen's_gambit_accepted\n",0.999785396818029,113]
"queen's_pawn\n"	["queen's_pawn_game_#3\n",0.9984408352368456,106]
"queen's_pawn\n"	["mieses_opening\n",0.9989912906221243,346]
"queen's_pawn\n"	["indian_game\n",0.9989957698373548,765]
"queen's_pawn\n"	["dutch_defense\n",0.9990238343627077,153]
"queen's_pawn\n"	["englund_gambit_declined__reversed_french\n",0.9992589234440112,106]
"queen's_pawn\n"	["queen's_pawn_game_#2\n",0.9992651933752132,540]
"queen's_pawn\n"	["queen's_pawn_game:_london_system\n",0.9993814717279135,118]
"queen's_pawn\n"	["queen's_pawn_game:_chigorin_variation\n",0.9994169826156155,201]
"queen's_pawn\n"	["englund_gambit\n",0.9994272438268762,200]
"queen's_pawn\n"	["queen's_pawn_game:_levitsky_attack\n",0.9994365720700268,354]
"queen's_pawn\n"	["modern_defense\n",0.9994839617470136,660]
"queen's_pawn\n"	["queen's_pawn_game:_mason_attack\n",0.9995255760553584,246]
"queen's_pawn\n"	["benoni_defense:_benoni_gambit_accepted\n",0.9995501633273499,113]
"queen's_pawn\n"	["trompowsky_attack\n",0.9995854199024546,139]
"queen's_pawn\n"	["queen's_pawn_game\n",0.9995881125990836,547]
"queen's_pawn\n"	["old_indian_defense\n",0.9995950703937087,103]
"queen's_pawn\n"	["queen's_gambit_refused:_marshall_defense\n",0.9996127148058309,119]
"queen's_pawn\n"	["horwitz_defense\n",0.9996132783350502,1423]
"queen's_pawn\n"	["old_benoni_defense\n",0.9996196023020473,786]
"queen's_pawn\n"	["queen's_pawn\n",0.9996529163564792,1890]
"queen's_pawn\n"	["queen's_pawn_game:_zukertort_variation\n",0.9996593097183804,687]
"queen's_pawn\n"	["english_defense_#2\n",0.9996658824238618,300]
"queen's_pawn\n"	["slav_defense_#2\n",0.9996662893642333,105]
"queen's_pawn\n"	["van't_kruijs_opening\n",0.999686539121777,102]
"queen's_pawn\n"	["indian_game:_london_system\n",0.9997085790555236,128]
"queen's_pawn\n"	["queen's_pawn_game:_torre_attack\n",0.9997832633780521,158]
"queen's_pawn\n"	["indian_game:_spielmann-indian\n",0.9997938549004397,234]
"queen's_pawn\n"	["torre_attack\n",0.9998151906127225,390]
"queen's_pawn\n"	["indian_game:_wade-tartakower_defense\n",0.9998591442063371,106]
"queen's_pawn_game:_anti-torre\n"	["queen's_pawn_game:_zukertort_variation\n",0.9994258067425885,111]
"queen's_pawn_game:_chigorin_variation\n"	["queen's_pawn_game:_symmetrical_variation\n",0.9992983029904238,108]
"clemenz_opening\n"	["clemenz_opening\n",0.9999319091567774,674]
"clemenz_opening\n"	["anderssen_opening\n",0.9999469114216926,239]
"clemenz_opening\n"	["creepy_crawly_formation:_classical_defense\n",0.9999521544797286,182]
"creepy_crawly_formation:_classical_defense\n"	["clemenz_opening\n",0.9999521544797286,182]
"danish_gambit\n"	["danish_gambit\n",0.9992333921786222,154]
"dutch_defense\n"	["queen's_pawn\n",0.9990238343627077,153]
"dutch_defense\n"	["queen's_pawn_game\n",0.9991518909719542,162]
"dutch_defense\n"	["indian_game\n",0.9992593100207853,110]
"dutch_defense\n"	["old_benoni_defense\n",0.9993575080925202,153]
"dutch_defense\n"	["modern_defense\n",0.9994043634918404,108]
"dutch_defense\n"	["horwitz_defense\n",0.9994813809985955,282]
"dutch_defense\n"	["queen's_pawn_game:_zukertort_variation\n",0.9995337144252555,128]
"dutch_defense\n"	["queen's_pawn_game_#2\n",0.9996125511463415,103]
"dutch_defense\n"	["queen's_pawn_game:_london_system\n",0.9996325016273333,157]
"dutch_defense\n"	["dutch_defense\n",0.9998614459755157,484]
"english_defense_#2\n"	["queen's_pawn_game:_zukertort_variation\n",0.9992978331544171,143]
"english_defense_#2\n"	["indian_game\n",0.9993137445557008,175]
"english_defense_#2\n"	["horwitz_defense\n",0.9993539488047541,452]
"english_defense_#2\n"	["modern_defense\n",0.999478854935054,205]
"english_defense_#2\n"	["queen's_pawn_game:_chigorin_variation\n",0.9994940658242218,116]
"english_defense_#2\n"	["queen's_pawn_game:_levitsky_attack\n",0.9995122160152554,174]
"english_defense_#2\n"	["queen's_pawn_game_#2\n",0.999555306192178,186]
"english_defense_#2\n"	["queen's_gambit_refused:_marshall_defense\n",0.9996146375062804,105]
"english_defense_#2\n"	["old_benoni_defense\n",0.9996286366324509,288]
"english_defense_#2\n"	["queen's_pawn_game\n",0.9996613253189816,132]
"english_defense_#2\n"	["queen's_pawn\n",0.9996658824238618,300]
"english_defense_#2\n"	["mieses_opening\n",0.9997056814409254,115]
"english_defense_#2\n"	["english_defense_#2\n",0.9997302245206965,236]
"english_opening:_agincourt_defense\n"	["english_opening:_agincourt_defense\n",0.9991068569255197,160]
"english_opening:_agincourt_defense\n"	["english_opening:_king's_english_variation__reversed_sicilian\n",0.9993347386274732,125]
"english_opening:_agincourt_defense\n"	["english_opening:_king's_english_variation\n",0.9994629343026183,123]
"english_opening:_agincourt_defense\n"	["english_opening\n",0.9995194199613947,127]
"english_opening:_anglo-indian_defense\n"	["english_opening:_king's_english_variation\n",0.9992932970180681,176]
"english_opening:_anglo-indian_defense\n"	["english_opening:_anglo-indian_defense\n",0.9997550509308468,206]
"english_opening:_anglo-indian_defense__queen's_knight_variation\n"	["english_opening:_king's_english_variation__reversed_sicilian\n",0.9993628167013355,119]
"english_opening:_anglo-indian_defense__queen's_knight_variation\n"	["english_opening:_symmetrical_variation__normal_variation\n",0.9995006432094709,105]
"english_opening:_anglo-indian_defense__queen's_knight_variation\n"	["english_opening\n",0.9995371744754303,120]
"english_opening:_anglo-indian_defense__queen's_knight_variation\n"	["english_opening:_anglo-indian_defense__queen's_knight_variation\n",0.9995509475368849,164]
"english_opening:_anglo-indian_defense__queen's_knight_variation\n"	["english_opening:_anglo-scandinavian_defense\n",0.9995608137721534,118]
"english_opening:_anglo-scandinavian_defense\n"	["english_opening\n",0.999092707248055,172]
"english_opening:_anglo-scandinavian_defense\n"	["english_opening:_symmetrical_variation__normal_variation\n",0.999231875760685,174]
"english_opening:_anglo-scandinavian_defense\n"	["english_opening:_anglo-scandinavian_defense\n",0.9993060151524182,198]
"english_opening:_anglo-scandinavian_defense\n"	["english_opening:_king's_english_variation__reversed_sicilian\n",0.9993372195703262,143]
"english_opening:_anglo-scandinavian_defense\n"	["english_opening:_anglo-indian_defense__queen's_knight_variation\n",0.9995608137721534,118]
"english_opening:_great_snake_variation\n"	["english_opening\n",0.9995037985947207,136]
"english_opening:_great_snake_variation\n"	["english_opening:_great_snake_variation\n",0.9997715529169754,116]
"english_opening:_king's_english_variation\n"	["english_opening:_symmetrical_variation\n",0.9991565732409448,194]
"english_opening:_king's_english_variation\n"	["english_opening:_anglo-indian_defense\n",0.9992932970180681,176]
"english_opening:_king's_english_variation\n"	["english_opening:_king's_english_variation\n",0.9994613894084642,332]
"english_opening:_king's_english_variation\n"	["english_opening:_agincourt_defense\n",0.9994629343026183,123]
"english_opening:_king's_english_variation__reversed_sicilian\n"	["english_opening:_king's_english_variation__reversed_sicilian\n",0.999245324247194,234]
"english_opening:_king's_english_variation__reversed_sicilian\n"	["english_opening:_agincourt_defense\n",0.9993347386274732,125]
"english_opening:_king's_english_variation__reversed_sicilian\n"	["english_opening:_anglo-scandinavian_defense\n",0.9993372195703262,143]
"english_opening:_king's_english_variation__reversed_sicilian\n"	["english_opening:_anglo-indian_defense__queen's_knight_variation\n",0.9993628167013355,119]
"english_opening:_king's_english_variation__reversed_sicilian\n"	["english_opening:_symmetrical_variation__normal_variation\n",0.9994448146711454,139]
"english_opening:_king's_english_variation__reversed_sicilian\n"	["english_opening\n",0.9996901734471076,143]
"english_opening:_king's_english_variation__reversed_sicilian\n"	["english_opening:_king's_english_variation__two_knights_variation\n",0.9997257166089084,104]
"english_opening:_king's_english_variation__two_knights_variation\n"	["english_opening:_king's_english_variation__reversed_sicilian\n",0.9997257166089084,104]
"english_opening:_symmetrical_variation\n"	["english_opening:_king's_english_variation\n",0.9991565732409448,194]
"english_opening:_symmetrical_variation\n"	["english_opening:_symmetrical_variation\n",0.9997836454030257,170]
"english_opening:_symmetrical_variation__normal_variation\n"	["english_opening:_anglo-scandinavian_defense\n",0.999231875760685,174]
"english_opening:_symmetrical_variation__normal_variation\n"	["english_opening:_symmetrical_variation__normal_variation\n",0.9994063596407049,154]
"modern_defense\n"	["caro-kann_defense\n",0.9995172880304165,362]
"modern_defense\n"	["sicilian_defense:_closed_variation\n",0.9995179956833388,104]
"modern_defense\n"	["scandinavian_defense:_mieses-kotroc_variation\n",0.9995295754897214,294]
"modern_defense\n"	["french_defense:_normal_variation\n",0.9995380517965549,120]
"modern_defense\n"	["sicilian_defense:_french_variation\n",0.9995424932902988,104]
"modern_defense\n"	["horwitz_defense\n",0.9995637625270302,871]
"modern_defense\n"	["queen's_gambit_declined\n",0.9995711591239254,129]
"modern_defense\n"	["queen's_pawn_game:_levitsky_attack\n",0.9995735738161116,224]
"modern_defense\n"	["old_benoni_defense\n",0.9995829513397299,547]
"modern_defense\n"	["king's_pawn_game:_leonardis_variation\n",0.9995842279517905,174]
"modern_defense\n"	["scandinavian_defense\n",0.9995909529629525,328]
"modern_defense\n"	["queen's_pawn_game\n",0.9995954519377827,424]
"modern_defense\n"	["englund_gambit\n",0.9995984531618942,187]
"modern_defense\n"	["modern_defense\n",0.9995994434395137,1176]
"modern_defense\n"	["sicilian_defense\n",0.9996002010939764,365]
"modern_defense\n"	["french_defense:_knight_variation\n",0.9996009950341662,321]
"modern_defense\n"	["old_indian_defense\n",0.9996250360801343,134]
"modern_defense\n"	["queen's_pawn_game:_chigorin_variation\n",0.9996823549174423,214]
"modern_defense\n"	["pirc_defense_#4\n",0.9996830646531742,244]
"modern_defense\n"	["french_defense_#2\n",0.9997189112821917,143]
"modern_defense\n"	["van't_kruijs_opening\n",0.9997266845724386,201]
"modern_defense\n"	["indian_game\n",0.9997377270753633,446]
"modern_defense\n"	["sicilian_defense:_bowdler_attack\n",0.9997993028684363,209]
"nimzo-indian_defense\n"	["nimzo-indian_defense\n",0.9996773484026739,132]
"nimzo-indian_defense\n"	["queen's_gambit_accepted\n",0.9997838636657916,107]
"nimzo-larsen_attack:_classical_variation\n"	["nimzo-larsen_attack:_english_variation\n",0.9995829401331886,271]
"nimzo-larsen_attack:_classical_variation\n"	["nimzo-larsen_attack:_modern_variation_#3\n",0.999592282657293,118]
"nimzo-larsen_attack:_classical_variation\n"	["hungarian_opening\n",0.9996702281750537,119]
"nimzo-larsen_attack:_classical_variation\n"	["nimzo-larsen_attack\n",0.9996920620173463,1213]
"nimzo-larsen_attack:_classical_variation\n"	["nimzo-larsen_attack:_classical_variation\n",0.9997253351864474,1334]
"nimzo-larsen_attack:_classical_variation\n"	["nimzo-larsen_attack:_modern_variation_#4\n",0.9997275230523309,235]
"nimzo-larsen_attack:_classical_variation\n"	["nimzo-larsen_attack:_modern_variation_#2\n",0.9997634192965158,457]
"nimzo-larsen_attack:_classical_variation\n"	["nimzo-larsen_attack:_indian_variation\n",0.999778254545058,779]
"nimzo-larsen_attack:_classical_variation\n"	["nimzo-larsen_attack:_symmetrical_variation\n",0.9998693897155001,187]
"nimzo-larsen_attack:_english_variation\n"	["nimzo-larsen_attack:_classical_variation\n",0.9995829401331886,271]
"nimzo-larsen_attack:_english_variation\n"	["nimzo-larsen_attack\n",0.9996501472786863,326]
"nimzo-larsen_attack:_english_variation\n"	["nimzo-larsen_attack:_indian_variation\n",0.9996569322032208,192]
"nimzo-larsen_attack:_english_variation\n"	["nimzo-larsen_attack:_english_variation\n",0.9997137260196385,114]
"nimzo-larsen_attack:_indian_variation\n"	["nimzo-larsen_attack:_english_variation\n",0.9996569322032208,192]
"nimzo-larsen_attack:_indian_variation\n"	["nimzo-larsen_attack\n",0.9997283651397244,821]
"nimzo-larsen_attack:_indian_variation\n"	["nimzo-larsen_attack:_indian_variation\n",0.9997586131144095,516]
"nimzo-larsen_attack:_indian_variation\n"	["nimzo-larsen_attack:_modern_variation_#2\n",0.9997717054719966,270]
"nimzo-larsen_attack:_indian_variation\n"	["nimzo-larsen_attack:_classical_variation\n",0.999778254545058,779]
"nimzo-larsen_attack:_indian_variation\n"	["nimzo-larsen_attack:_modern_variation_#4\n",0.9997952024568316,145]
"nimzo-larsen_attack:_indian_variation\n"	["nimzo-larsen_attack:_symmetrical_variation\n",0.9998596181992162,120]
"nimzo-larsen_attack:_modern_variation_#2\n"	["nimzo-larsen_attack\n",0.999729248739417,416]
"nimzo-larsen_attack:_modern_variation_#2\n"	["nimzo-larsen_attack:_classical_variation\n",0.9997634192965158,457]
"nimzo-larsen_attack:_modern_variation_#2\n"	["nimzo-larsen_attack:_modern_variation_#4\n",0.9997710029804227,112]
"nimzo-larsen_attack:_modern_variation_#2\n"	["nimzo-larsen_attack:_indian_variation\n",0.9997717054719966,270]
"nimzo-larsen_attack:_modern_variation_#2\n"	["nimzo-larsen_attack:_modern_variation_#2\n",0.999944124065774,182]
"nimzo-larsen_attack:_modern_variation_#3\n"	["nimzo-larsen_attack:_classical_variation\n",0.999592282657293,118]
"nimzo-larsen_attack:_modern_variation_#3\n"	["nimzo-larsen_attack\n",0.999722185481691,152]
"nimzo-larsen_attack:_modern_variation_#4\n"	["nimzo-larsen_attack:_classical_variation\n",0.9997275230523309,235]
"nimzo-larsen_attack:_modern_variation_#4\n"	["van't_kruijs_opening\n",0.9997338488217303,415]
"nimzo-larsen_attack:_modern_variation_#4\n"	["nimzo-larsen_attack:_modern_variation_#4\n",0.999741714606619,118]
"nimzo-larsen_attack:_modern_variation_#4\n"	["nimzo-larsen_attack\n",0.9997686913437238,245]
"nimzo-larsen_attack:_modern_variation_#4\n"	["nimzo-larsen_attack:_modern_variation_#2\n",0.9997710029804227,112]
"nimzo-larsen_attack:_modern_variation_#4\n"	["nimzo-larsen_attack:_indian_variation\n",0.9997952024568316,145]
"nimzo-larsen_attack:_symmetrical_variation\n"	["nimzo-larsen_attack\n",0.9998092038244428,175]
"nimzo-larsen_attack:_symmetrical_variation\n"	["nimzo-larsen_attack:_indian_variation\n",0.9998596181992162,120]
"nimzo-larsen_attack:_symmetrical_variation\n"	["nimzo-larsen_attack:_classical_variation\n",0.9998693897155001,187]
"nimzo-larsen_attack\n"	["nimzo-larsen_attack:_english_variation\n",0.9996501472786863,326]
"nimzo-larsen_attack\n"	["king's_indian_attack\n",0.9996561846834456,117]
"nimzo-larsen_attack\n"	["nimzo-larsen_attack:_classical_variation\n",0.9996920620173463,1213]
"nimzo-larsen_attack\n"	["nimzo-larsen_attack:_modern_variation_#3\n",0.999722185481691,152]
"nimzo-larsen_attack\n"	["nimzo-larsen_attack:_indian_variation\n",0.9997283651397244,821]
"nimzo-larsen_attack\n"	["nimzo-larsen_attack:_modern_variation_#2\n",0.999729248739417,416]
"nimzo-larsen_attack\n"	["nimzo-larsen_attack\n",0.9997514019569447,1376]
"nimzo-larsen_attack\n"	["nimzo-larsen_attack:_modern_variation_#4\n",0.9997686913437238,245]
"nimzo-larsen_attack\n"	["nimzo-larsen_attack:_symmetrical_variation\n",0.9998092038244428,175]
"nimzowitsch-larsen_attack\n"	["zukertort_opening:_nimzo-larsen_variation\n",0.9995239873782553,148]
"nimzowitsch-larsen_attack\n"	["nimzowitsch-larsen_attack\n",0.9997732203248176,326]
"nimzowitsch_defense:_kennedy_variation\n"	["nimzowitsch_defense:_kennedy_variation\n",0.9998564611796891,186]
"old_benoni_defense\n"	["indian_game\n",0.9992924573149056,437]
"old_benoni_defense\n"	["dutch_defense\n",0.9993575080925202,153]
"old_benoni_defense\n"	["slav_defense_#2\n",0.9993786384267749,115]
"old_benoni_defense\n"	["queen's_gambit_refused:_marshall_defense\n",0.9994180215958569,170]
"old_benoni_defense\n"	["queen's_pawn_game\n",0.9994341673018516,448]
"old_benoni_defense\n"	["queen's_pawn_game:_levitsky_attack\n",0.999513862988723,372]
"old_benoni_defense\n"	["queen's_pawn_game:_chigorin_variation\n",0.9995300065136399,217]
"old_benoni_defense\n"	["queen's_gambit_declined\n",0.9995458031673574,136]
"old_benoni_defense\n"	["queen's_pawn_game:_zukertort_variation\n",0.9995470106989114,344]
"old_benoni_defense\n"	["modern_defense\n",0.9995829513397299,547]
"old_benoni_defense\n"	["queen's_pawn_game_#2\n",0.9996042776680694,366]
"old_benoni_defense\n"	["englund_gambit\n",0.9996095489615007,258]
"old_benoni_defense\n"	["queen's_pawn\n",0.9996196023020473,786]
"old_benoni_defense\n"	["mieses_opening\n",0.9996229194847993,231]
"old_benoni_defense\n"	["english_defense_#2\n",0.9996286366324509,288]
"old_benoni_defense\n"	["horwitz_defense\n",0.9996290951567401,973]
"old_benoni_defense\n"	["slav_defense:_exchange_variation\n",0.999644550005694,144]
"old_benoni_defense\n"	["benoni_defense:_benoni_gambit_accepted\n",0.999650408125057,102]
"old_benoni_defense\n"	["old_indian_defense\n",0.9996740418182406,125]
"old_benoni_defense\n"	["torre_attack\n",0.9996781532819334,146]
"old_benoni_defense\n"	["old_benoni_defense\n",0.9997152067819659,1442]
"old_indian_defense\n"	["queen's_pawn\n",0.9995950703937087,103]
"old_indian_defense\n"	["modern_defense\n",0.9996250360801343,134]
"old_indian_defense\n"	["old_benoni_defense\n",0.9996740418182406,125]
"old_indian_defense\n"	["horwitz_defense\n",0.9998009432520506,141]
"old_indian_defense\n"	["old_indian_defense\n",0.999809525733406,106]
"owen_defense\n"	["philidor_defense_#3\n",0.9988752591762302,123]
"owen_defense\n"	["sicilian_defense:_mcdonnell_attack\n",0.999158876987418,169]
"owen_defense\n"	["french_defense:_knight_variation\n",0.9993040601454459,341]
"owen_defense\n"	["zukertort_opening:_tennison_gambit\n",0.9993355240778875,131]
"owen_defense\n"	["sicilian_defense:_closed_variation__traditional\n",0.9993483389410527,101]
"owen_defense\n"	["sicilian_defense\n",0.9994244138951558,430]
"owen_defense\n"	["modern_defense\n",0.9994336662699953,300]
"owen_defense\n"	["caro-kann_defense\n",0.9994548905640739,332]
"owen_defense\n"	["van't_kruijs_opening\n",0.9994703818066788,150]
"owen_defense\n"	["scandinavian_defense:_mieses-kotroc_variation\n",0.9994778302234182,414]
"owen_defense\n"	["scandinavian_defense:_main_line\n",0.9995310472198089,127]
"owen_defense\n"	["french_defense:_la_bourdonnais_variation\n",0.9996101192569521,131]
"owen_defense\n"	["scandinavian_defense:_modern_variation_#2\n",0.9996121679891347,128]
"owen_defense\n"	["scandinavian_defense\n",0.9996439246965337,331]
"owen_defense\n"	["king's_pawn_game:_leonardis_variation\n",0.9996486068244569,128]
"owen_defense\n"	["pirc_defense_#4\n",0.9996598320284587,224]
"owen_defense\n"	["french_defense:_king's_indian_attack\n",0.9996618651494678,140]
"owen_defense\n"	["french_defense:_queen's_knight\n",0.999661971369781,112]
"owen_defense\n"	["french_defense:_normal_variation\n",0.9996717721074413,120]
"owen_defense\n"	["sicilian_defense:_old_sicilian\n",0.9996763927973449,219]
"owen_defense\n"	["sicilian_defense:_bowdler_attack\n",0.9996787061193683,217]
"owen_defense\n"	["sicilian_defense:_french_variation\n",0.999694975775375,102]
"owen_defense\n"	["owen_defense\n",0.9997673167204513,612]
"owen_defense\n"	["sicilian_defense:_closed_variation\n",0.9998143544790477,111]
"philidor_defense\n"	["french_defense:_knight_variation\n",0.9989502023221053,112]
"philidor_defense\n"	["philidor_defense\n",0.9991031956970592,116]
"philidor_defense\n"	["scandinavian_defense:_mieses-kotroc_variation\n",0.9992644171457662,101]
"philidor_defense\n"	["scotch_game\n",0.9993932748846667,150]
"philidor_defense_#2\n"	["scandinavian_defense:_mieses-kotroc_variation\n",0.9993092155270613,105]
"philidor_defense_#2\n"	["philidor_defense_#2\n",0.9995834976208117,284]
"philidor_defense_#2\n"	["sicilian_defense:_old_sicilian\n",0.9996654430584868,116]
"philidor_defense_#2\n"	["caro-kann_defense\n",0.9997026445605786,109]
"philidor_defense_#2\n"	["sicilian_defense\n",0.9997168950428887,143]
"philidor_defense_#2\n"	["french_defense:_knight_variation\n",0.9997514512356538,161]
"philidor_defense_#3\n"	["owen_defense\n",0.9988752591762302,123]
"philidor_defense_#3\n"	["scandinavian_defense:_mieses-kotroc_variation\n",0.9991974161789579,173]
"philidor_defense_#3\n"	["sicilian_defense\n",0.9994283612216792,171]
"philidor_defense_#3\n"	["caro-kann_defense\n",0.9994816047186278,143]
"philidor_defense_#3\n"	["sicilian_defense:_old_sicilian\n",0.9995151039713374,184]
"philidor_defense_#3\n"	["french_defense:_knight_variation\n",0.9996591045602247,252]
"philidor_defense_#3\n"	["philidor_defense_#3\n",0.999718675563471,352]
"philidor_defense_#3\n"	["italian_game:_anti-fried_liver_defense\n",0.9998183663879252,118]
"pirc_defense:_classical_variation\n"	["sicilian_defense\n",0.9992122852683429,103]
"pirc_defense:_classical_variation\n"	["french_defense:_knight_variation\n",0.999228162059019,219]
"pirc_defense:_classical_variation\n"	["caro-kann_defense\n",0.999335081223465,113]
"pirc_defense:_classical_variation\n"	["pirc_defense:_classical_variation\n",0.9995474758466678,410]
"pirc_defense:_classical_variation\n"	["sicilian_defense:_french_variation\n",0.9995561516011056,109]
"alekhine_defense:_john_tracy_gambit\n"	["alekhine_defense:_john_tracy_gambit\n",0.9999347009184448,116]
"alekhine_defense:_maroczy_variation\n"	["mieses_opening\n",0.999617475656978,128]
"alekhine_defense:_scandinavian_variation\n"	["scandinavian_defense\n",0.9997870886735288,109]
"anderssen_opening\n"	["anderssen_opening\n",0.9996335794482176,160]
"anderssen_opening\n"	["clemenz_opening\n",0.9999469114216926,239]
"benoni_defense:_benoni_gambit_accepted\n"	["mieses_opening\n",0.9986130113992817,111]
"benoni_defense:_benoni_gambit_accepted\n"	["queen's_pawn\n",0.9995501633273499,113]
"benoni_defense:_benoni_gambit_accepted\n"	["horwitz_defense\n",0.9995784532099212,135]
"benoni_defense:_benoni_gambit_accepted\n"	["old_benoni_defense\n",0.999650408125057,102]
"benoni_defense:_benoni_gambit_accepted\n"	["benoni_defense:_benoni_gambit_accepted\n",0.9997880749256783,106]
"bird_opening:_dutch_variation\n"	["bird_opening:_dutch_variation\n",0.9991661584237789,852]
"bird_opening:_dutch_variation\n"	["bird_opening\n",0.9992285494052674,1350]
"bird_opening:_dutch_variation\n"	["bird_opening:_from's_gambit\n",0.9995453062575731,199]
"bird_opening:_from's_gambit\n"	["bird_opening\n",0.9994569803593685,324]
"bird_opening:_from's_gambit\n"	["bird_opening:_dutch_variation\n",0.9995453062575731,199]
"bird_opening\n"	["bird_opening:_dutch_variation\n",0.9992285494052674,1350]
"bird_opening\n"	["bird_opening\n",0.9993531070859544,2350]
"bird_opening\n"	["bird_opening:_from's_gambit\n",0.9994569803593685,324]
"bishop's_opening:_berlin_defense\n"	["bishop's_opening:_berlin_defense\n",0.9994970309202617,232]
"bishop's_opening:_berlin_defense\n"	["sicilian_defense:_bowdler_attack\n",0.9996545950071885,274]
"bishop's_opening:_berlin_defense\n"	["bishop's_opening\n",0.99974113855213,253]
"bishop's_opening:_boi_variation\n"	["sicilian_defense:_bowdler_attack\n",0.9996340819954466,177]
"bishop's_opening\n"	["modern_defense\n",0.9990485635942133,119]
"bishop's_opening\n"	["sicilian_defense:_bowdler_attack\n",0.9991815188907865,649]
"bishop's_opening\n"	["caro-kann_defense:_hillbilly_attack\n",0.9994253084167989,112]
"bishop's_opening\n"	["bishop's_opening\n",0.9994350310527192,560]
"bishop's_opening\n"	["french_defense_#2\n",0.9995916531001459,229]
"bishop's_opening\n"	["scandinavian_defense:_mieses-kotroc_variation\n",0.9996749561209127,178]
"bishop's_opening\n"	["bishop's_opening:_berlin_defense\n",0.99974113855213,253]
"caro-kann_defense:_breyer_variation\n"	["sicilian_defense\n",0.9992793437074765,176]
"caro-kann_defense:_breyer_variation\n"	["king's_pawn_game:_leonardis_variation\n",0.9993324549014183,115]
"caro-kann_defense:_breyer_variation\n"	["french_defense:_king's_indian_attack\n",0.9993613005056475,159]
"caro-kann_defense:_exchange_variation\n"	["french_defense:_exchange_variation\n",0.9993848960347435,120]
"caro-kann_defense:_exchange_variation\n"	["caro-kann_defense:_exchange_variation\n",0.9997327504603126,182]
"caro-kann_defense:_hillbilly_attack\n"	["bishop's_opening\n",0.9994253084167989,112]
"caro-kann_defense:_hillbilly_attack\n"	["french_defense_#2\n",0.9995884159284703,143]
"caro-kann_defense:_hillbilly_attack\n"	["caro-kann_defense:_hillbilly_attack\n",0.9996012529981665,114]
"caro-kann_defense:_hillbilly_attack\n"	["sicilian_defense:_bowdler_attack\n",0.9996023499634361,248]
"caro-kann_defense:_two_knights_attack\n"	["sicilian_defense:_closed_variation__traditional\n",0.999751876821025,110]
"caro-kann_defense:_two_knights_attack\n"	["scandinavian_defense\n",0.999752621824742,115]
"caro-kann_defense:_two_knights_attack\n"	["caro-kann_defense:_two_knights_attack\n",0.999785082292424,190]
"caro-kann_defense:_two_knights_attack\n"	["french_defense:_two_knights_variation\n",0.9998346726498648,121]
"caro-kann_defense:_two_knights_attack\n"	["van_geet_opening\n",0.9998940065267522,260]
"caro-kann_defense\n"	["scandinavian_defense:_main_line\n",0.9988677140898602,131]
"caro-kann_defense\n"	["sicilian_defense:_alapin_variation\n",0.9988689248532411,124]
"caro-kann_defense\n"	["sicilian_defense:_closed_variation\n",0.9991016308235711,123]
"caro-kann_defense\n"	["horwitz_defense\n",0.9991284545288652,106]
"caro-kann_defense\n"	["sicilian_defense:_closed_variation__traditional\n",0.9992139292076403,165]
"caro-kann_defense\n"	["sicilian_defense:_mcdonnell_attack\n",0.9992920543231743,252]
"caro-kann_defense\n"	["zukertort_opening:_tennison_gambit\n",0.9993026479998804,172]
"caro-kann_defense\n"	["pirc_defense_#4\n",0.9993340008153874,324]
"caro-kann_defense\n"	["pirc_defense:_classical_variation\n",0.999335081223465,113]
"caro-kann_defense\n"	["scandinavian_defense:_mieses-kotroc_variation\n",0.9994129699159425,383]
"caro-kann_defense\n"	["french_defense:_knight_variation\n",0.9994422858786758,489]
"caro-kann_defense\n"	["owen_defense\n",0.9994548905640739,332]
"caro-kann_defense\n"	["philidor_defense_#3\n",0.9994816047186278,143]
"caro-kann_defense\n"	["french_defense:_queen's_knight\n",0.9995004468171702,166]
"caro-kann_defense\n"	["scandinavian_defense:_modern_variation_#2\n",0.9995134964651906,119]
"caro-kann_defense\n"	["modern_defense\n",0.9995172880304165,362]
"caro-kann_defense\n"	["sicilian_defense:_closed\n",0.9995551673438178,103]
"caro-kann_defense\n"	["french_defense:_normal_variation\n",0.9995896132429224,129]
"caro-kann_defense\n"	["sicilian_defense:_old_sicilian\n",0.9996021991162704,293]
"caro-kann_defense\n"	["scotch_game\n",0.9996185247880591,127]
"caro-kann_defense\n"	["french_defense_#2\n",0.9996290136670783,124]
"caro-kann_defense\n"	["van_geet_opening\n",0.9996342064215815,149]
"caro-kann_defense\n"	["sicilian_defense\n",0.9996477445031992,390]
"caro-kann_defense\n"	["scandinavian_defense\n",0.9996573130347846,379]
"caro-kann_defense\n"	["van't_kruijs_opening\n",0.9996728933920538,179]
"caro-kann_defense\n"	["caro-kann_defense\n",0.9996806203579458,868]
"caro-kann_defense\n"	["philidor_defense_#2\n",0.9997026445605786,109]
"caro-kann_defense\n"	["sicilian_defense:_french_variation\n",0.9997202885114677,169]
"caro-kann_defense\n"	["sicilian_defense:_bowdler_attack\n",0.9997239420338819,137]
"caro-kann_defense\n"	["french_defense:_la_bourdonnais_variation\n",0.9997645401720289,205]
"queen's_pawn_game:_chigorin_variation\n"	["indian_game\n",0.9993477927155461,239]
"queen's_pawn_game:_chigorin_variation\n"	["queen's_pawn_game:_zukertort_variation\n",0.9993500593626913,457]
"queen's_pawn_game:_chigorin_variation\n"	["horwitz_defense\n",0.9993638770437961,408]
"queen's_pawn_game:_chigorin_variation\n"	["queen's_pawn\n",0.9994169826156155,201]
"queen's_pawn_game:_chigorin_variation\n"	["mieses_opening\n",0.9994589998814901,271]
"queen's_pawn_game:_chigorin_variation\n"	["english_defense_#2\n",0.9994940658242218,116]
"queen's_pawn_game:_chigorin_variation\n"	["old_benoni_defense\n",0.9995300065136399,217]
"queen's_pawn_game:_chigorin_variation\n"	["queen's_pawn_game:_levitsky_attack\n",0.9996090539205038,181]
"queen's_pawn_game:_chigorin_variation\n"	["queen's_pawn_game:_chigorin_variation\n",0.999653538751955,680]
"queen's_pawn_game:_chigorin_variation\n"	["modern_defense\n",0.9996823549174423,214]
"queen's_pawn_game:_krause_variation\n"	["queen's_pawn_game:_zukertort_variation\n",0.9995274956796936,249]
"queen's_pawn_game:_levitsky_attack\n"	["queen's_pawn\n",0.9994365720700268,354]
"queen's_pawn_game:_levitsky_attack\n"	["indian_game\n",0.999469770560531,166]
"queen's_pawn_game:_levitsky_attack\n"	["english_defense_#2\n",0.9995122160152554,174]
"queen's_pawn_game:_levitsky_attack\n"	["old_benoni_defense\n",0.999513862988723,372]
"queen's_pawn_game:_levitsky_attack\n"	["horwitz_defense\n",0.99956626546835,575]
"queen's_pawn_game:_levitsky_attack\n"	["modern_defense\n",0.9995735738161116,224]
"queen's_pawn_game:_levitsky_attack\n"	["french_defense:_burn_variation\n",0.9995858691767904,126]
"queen's_pawn_game:_levitsky_attack\n"	["trompowsky_attack:_classical_defense\n",0.9995920161171493,107]
"queen's_pawn_game:_levitsky_attack\n"	["queen's_pawn_game:_chigorin_variation\n",0.9996090539205038,181]
"queen's_pawn_game:_levitsky_attack\n"	["queen's_pawn_game:_levitsky_attack\n",0.9996315419993055,1244]
"queen's_pawn_game:_levitsky_attack\n"	["englund_gambit\n",0.9996882931181011,136]
"queen's_pawn_game:_levitsky_attack\n"	["trompowsky_attack\n",0.9997064566020447,197]
"queen's_pawn_game:_levitsky_attack\n"	["mieses_opening\n",0.9997116521776088,129]
"queen's_pawn_game:_levitsky_attack\n"	["queen's_pawn_game:_zukertort_variation\n",0.9997706078951999,112]
"queen's_pawn_game:_london_system\n"	["queen's_pawn\n",0.9993814717279135,118]
"queen's_pawn_game:_london_system\n"	["london_system\n",0.9994997266128133,105]
"queen's_pawn_game:_london_system\n"	["queen's_pawn_game:_zukertort_variation\n",0.9995413930824173,218]
"queen's_pawn_game:_london_system\n"	["horwitz_defense\n",0.999561120369187,166]
"queen's_pawn_game:_london_system\n"	["dutch_defense\n",0.9996325016273333,157]
"queen's_pawn_game:_london_system\n"	["queen's_pawn_game:_london_system\n",0.9996584289318069,254]
"queen's_pawn_game:_london_system\n"	["queen's_pawn_game:_mason_attack\n",0.9997431987073465,129]
"queen's_pawn_game:_london_system\n"	["indian_game:_london_system\n",0.9998317917464834,106]
"queen's_pawn_game:_mason_attack\n"	["queen's_pawn\n",0.9995255760553584,246]
"queen's_pawn_game:_mason_attack\n"	["indian_game\n",0.9995701686813366,509]
"queen's_pawn_game:_mason_attack\n"	["horwitz_defense\n",0.9996272411099282,340]
"queen's_pawn_game:_mason_attack\n"	["queen's_pawn_game:_mason_attack\n",0.9996413994450604,1248]
"queen's_pawn_game:_mason_attack\n"	["queen's_pawn_game:_london_system\n",0.9997431987073465,129]
"queen's_pawn_game:_stonewall_attack\n"	["queen's_pawn_game:_stonewall_attack\n",0.9993404100944546,110]
"queen's_pawn_game:_stonewall_attack\n"	["queen's_pawn_game_#2\n",0.9994404540669821,176]
"queen's_pawn_game:_symmetrical_variation\n"	["queen's_pawn_game:_chigorin_variation\n",0.9992983029904238,108]
"queen's_pawn_game:_symmetrical_variation\n"	["queen's_pawn_game:_zukertort_variation\n",0.9995204893566149,168]
"queen's_pawn_game:_symmetrical_variation\n"	["horwitz_defense\n",0.9996692408922804,128]
"queen's_pawn_game:_torre_attack\n"	["queen's_pawn_game:_zukertort_variation\n",0.9992733143941749,281]
"queen's_pawn_game:_torre_attack\n"	["queen's_pawn_game:_torre_attack\n",0.9993468866132972,258]
"queen's_pawn_game:_torre_attack\n"	["horwitz_defense\n",0.9994335971222241,189]
"queen's_pawn_game:_torre_attack\n"	["torre_attack\n",0.9995746092462451,227]
"queen's_pawn_game:_torre_attack\n"	["queen's_pawn\n",0.9997832633780521,158]
"queen's_pawn_game:_zukertort_variation\n"	["queen's_pawn_game:_torre_attack\n",0.9992733143941749,281]
"queen's_pawn_game:_zukertort_variation\n"	["english_defense_#2\n",0.9992978331544171,143]
"queen's_pawn_game:_zukertort_variation\n"	["modern_defense\n",0.9993141647975233,396]
"queen's_pawn_game:_zukertort_variation\n"	["queen's_pawn_game:_chigorin_variation\n",0.9993500593626913,457]
"queen's_pawn_game:_zukertort_variation\n"	["queen's_pawn_game:_anti-torre\n",0.9994258067425885,111]
"queen's_pawn_game:_zukertort_variation\n"	["horwitz_defense\n",0.9994429091118481,683]
"queen's_pawn_game:_zukertort_variation\n"	["queen's_pawn_game:_symmetrical_variation\n",0.9995204893566149,168]
"queen's_pawn_game:_zukertort_variation\n"	["queen's_pawn_game:_krause_variation\n",0.9995274956796936,249]
"queen's_pawn_game:_zukertort_variation\n"	["dutch_defense\n",0.9995337144252555,128]
"queen's_pawn_game:_zukertort_variation\n"	["queen's_pawn_game:_london_system\n",0.9995413930824173,218]
"queen's_pawn_game:_zukertort_variation\n"	["old_benoni_defense\n",0.9995470106989114,344]
"queen's_pawn_game:_zukertort_variation\n"	["indian_game:_spielmann-indian\n",0.9995624927632561,185]
"queen's_pawn_game:_zukertort_variation\n"	["london_system\n",0.9996066133576189,114]
"queen's_pawn_game:_zukertort_variation\n"	["torre_attack\n",0.9996207537902637,530]
"queen's_pawn_game:_zukertort_variation\n"	["mieses_opening\n",0.9996344175043059,145]
"queen's_pawn_game:_zukertort_variation\n"	["queen's_pawn_game:_zukertort_variation\n",0.9996452472645747,1790]
"queen's_pawn_game:_zukertort_variation\n"	["queen's_pawn\n",0.9996593097183804,687]
"queen's_pawn_game:_zukertort_variation\n"	["zukertort_opening:_queen's_gambit_invitation\n",0.9996878191611835,166]
"queen's_pawn_game:_zukertort_variation\n"	["torre_attack_#2\n",0.9996949604039537,130]
